gene,molecule_id,pdb_id,interaction_type,interaction_label,residue,affinity_kcal,pIC50,qed
EGFR,CHEMBL5968640,8A27,hydrophobic,Hydrophobic,723,-11.092,10.657577319177793,0.6144559265502137
EGFR,CHEMBL5968640,8A27,hydrophobic,Hydrophobic,747,-11.092,10.657577319177793,0.6144559265502137
EGFR,CHEMBL5968640,8A27,hydrophobic,Hydrophobic,759,-11.092,10.657577319177793,0.6144559265502137
EGFR,CHEMBL5968640,8A27,hydrophobic,Hydrophobic,762,-11.092,10.657577319177793,0.6144559265502137
EGFR,CHEMBL5968640,8A27,hydrophobic,Hydrophobic,766,-11.092,10.657577319177793,0.6144559265502137
EGFR,CHEMBL5968640,8A27,hydrophobic,Hydrophobic,777,-11.092,10.657577319177793,0.6144559265502137
EGFR,CHEMBL5968640,8A27,hydrophobic,Hydrophobic,788,-11.092,10.657577319177793,0.6144559265502137
EGFR,CHEMBL5968640,8A27,hydrophobic,Hydrophobic,790,-11.092,10.657577319177793,0.6144559265502137
EGFR,CHEMBL5968640,8A27,hydrophobic,Hydrophobic,854,-11.092,10.657577319177793,0.6144559265502137
EGFR,CHEMBL5968640,8A27,hydrophobic,Hydrophobic,855,-11.092,10.657577319177793,0.6144559265502137
EGFR,CHEMBL5968640,8A27,hydrophobic,Hydrophobic,858,-11.092,10.657577319177793,0.6144559265502137
EGFR,CHEMBL5968640,8A27,hydrophobic,Hydrophobic,ASP855,-11.092,10.657577319177793,0.6144559265502137
EGFR,CHEMBL5968640,8A27,hydrophobic,Hydrophobic,GLU762,-11.092,10.657577319177793,0.6144559265502137
EGFR,CHEMBL5968640,8A27,hydrophobic,Hydrophobic,ILE759,-11.092,10.657577319177793,0.6144559265502137
EGFR,CHEMBL5968640,8A27,hydrophobic,Hydrophobic,LEU747,-11.092,10.657577319177793,0.6144559265502137
EGFR,CHEMBL5968640,8A27,hydrophobic,Hydrophobic,LEU777,-11.092,10.657577319177793,0.6144559265502137
EGFR,CHEMBL5968640,8A27,hydrophobic,Hydrophobic,LEU788,-11.092,10.657577319177793,0.6144559265502137
EGFR,CHEMBL5968640,8A27,hydrophobic,Hydrophobic,LEU858,-11.092,10.657577319177793,0.6144559265502137
EGFR,CHEMBL5968640,8A27,hydrophobic,Hydrophobic,MET766,-11.092,10.657577319177793,0.6144559265502137
EGFR,CHEMBL5968640,8A27,hydrophobic,Hydrophobic,PHE723,-11.092,10.657577319177793,0.6144559265502137
EGFR,CHEMBL5968640,8A27,hydrophobic,Hydrophobic,THR790,-11.092,10.657577319177793,0.6144559265502137
EGFR,CHEMBL5968640,8A27,hydrophobic,Hydrophobic,THR854,-11.092,10.657577319177793,0.6144559265502137
EGFR,CHEMBL5968640,8A27,hbond,H-Bond,759,-11.092,10.657577319177793,0.6144559265502137
EGFR,CHEMBL5968640,8A27,hbond,H-Bond,ILE759,-11.092,10.657577319177793,0.6144559265502137
EGFR,CHEMBL5997498,8A27,hydrophobic,Hydrophobic,723,-11.004,10.698970004336019,0.5954445269709847
EGFR,CHEMBL5997498,8A27,hydrophobic,Hydrophobic,759,-11.004,10.698970004336019,0.5954445269709847
EGFR,CHEMBL5997498,8A27,hydrophobic,Hydrophobic,762,-11.004,10.698970004336019,0.5954445269709847
EGFR,CHEMBL5997498,8A27,hydrophobic,Hydrophobic,766,-11.004,10.698970004336019,0.5954445269709847
EGFR,CHEMBL5997498,8A27,hydrophobic,Hydrophobic,788,-11.004,10.698970004336019,0.5954445269709847
EGFR,CHEMBL5997498,8A27,hydrophobic,Hydrophobic,854,-11.004,10.698970004336019,0.5954445269709847
EGFR,CHEMBL5997498,8A27,hydrophobic,Hydrophobic,855,-11.004,10.698970004336019,0.5954445269709847
EGFR,CHEMBL5997498,8A27,hydrophobic,Hydrophobic,858,-11.004,10.698970004336019,0.5954445269709847
EGFR,CHEMBL5997498,8A27,hydrophobic,Hydrophobic,ASP855,-11.004,10.698970004336019,0.5954445269709847
EGFR,CHEMBL5997498,8A27,hydrophobic,Hydrophobic,GLU762,-11.004,10.698970004336019,0.5954445269709847
EGFR,CHEMBL5997498,8A27,hydrophobic,Hydrophobic,ILE759,-11.004,10.698970004336019,0.5954445269709847
EGFR,CHEMBL5997498,8A27,hydrophobic,Hydrophobic,LEU788,-11.004,10.698970004336019,0.5954445269709847
EGFR,CHEMBL5997498,8A27,hydrophobic,Hydrophobic,LEU858,-11.004,10.698970004336019,0.5954445269709847
EGFR,CHEMBL5997498,8A27,hydrophobic,Hydrophobic,MET766,-11.004,10.698970004336019,0.5954445269709847
EGFR,CHEMBL5997498,8A27,hydrophobic,Hydrophobic,PHE723,-11.004,10.698970004336019,0.5954445269709847
EGFR,CHEMBL5997498,8A27,hydrophobic,Hydrophobic,THR854,-11.004,10.698970004336019,0.5954445269709847
EGFR,CHEMBL5786982,8A27,hydrophobic,Hydrophobic,726,-10.823,9.943095148663527,0.6384041177146236
EGFR,CHEMBL5786982,8A27,hydrophobic,Hydrophobic,745,-10.823,9.943095148663527,0.6384041177146236
EGFR,CHEMBL5786982,8A27,hydrophobic,Hydrophobic,777,-10.823,9.943095148663527,0.6384041177146236
EGFR,CHEMBL5786982,8A27,hydrophobic,Hydrophobic,788,-10.823,9.943095148663527,0.6384041177146236
EGFR,CHEMBL5786982,8A27,hydrophobic,Hydrophobic,790,-10.823,9.943095148663527,0.6384041177146236
EGFR,CHEMBL5786982,8A27,hydrophobic,Hydrophobic,844,-10.823,9.943095148663527,0.6384041177146236
EGFR,CHEMBL5786982,8A27,hydrophobic,Hydrophobic,854,-10.823,9.943095148663527,0.6384041177146236
EGFR,CHEMBL5786982,8A27,hydrophobic,Hydrophobic,855,-10.823,9.943095148663527,0.6384041177146236
EGFR,CHEMBL5786982,8A27,hydrophobic,Hydrophobic,ASP855,-10.823,9.943095148663527,0.6384041177146236
EGFR,CHEMBL5786982,8A27,hydrophobic,Hydrophobic,LEU777,-10.823,9.943095148663527,0.6384041177146236
EGFR,CHEMBL5786982,8A27,hydrophobic,Hydrophobic,LEU788,-10.823,9.943095148663527,0.6384041177146236
EGFR,CHEMBL5786982,8A27,hydrophobic,Hydrophobic,LEU844,-10.823,9.943095148663527,0.6384041177146236
EGFR,CHEMBL5786982,8A27,hydrophobic,Hydrophobic,LYS745,-10.823,9.943095148663527,0.6384041177146236
EGFR,CHEMBL5786982,8A27,hydrophobic,Hydrophobic,THR790,-10.823,9.943095148663527,0.6384041177146236
EGFR,CHEMBL5786982,8A27,hydrophobic,Hydrophobic,THR854,-10.823,9.943095148663527,0.6384041177146236
EGFR,CHEMBL5786982,8A27,hydrophobic,Hydrophobic,VAL726,-10.823,9.943095148663527,0.6384041177146236
EGFR,CHEMBL5786982,8A27,hbond,H-Bond,793,-10.823,9.943095148663527,0.6384041177146236
EGFR,CHEMBL5786982,8A27,hbond,H-Bond,797,-10.823,9.943095148663527,0.6384041177146236
EGFR,CHEMBL5786982,8A27,hbond,H-Bond,CYS797,-10.823,9.943095148663527,0.6384041177146236
EGFR,CHEMBL5786982,8A27,hbond,H-Bond,MET793,-10.823,9.943095148663527,0.6384041177146236
EGFR,CHEMBL176582,8A27,hydrophobic,Hydrophobic,726,-10.686,11.0,0.5907366330453319
EGFR,CHEMBL176582,8A27,hydrophobic,Hydrophobic,745,-10.686,11.0,0.5907366330453319
EGFR,CHEMBL176582,8A27,hydrophobic,Hydrophobic,788,-10.686,11.0,0.5907366330453319
EGFR,CHEMBL176582,8A27,hydrophobic,Hydrophobic,790,-10.686,11.0,0.5907366330453319
EGFR,CHEMBL176582,8A27,hydrophobic,Hydrophobic,841,-10.686,11.0,0.5907366330453319
EGFR,CHEMBL176582,8A27,hydrophobic,Hydrophobic,844,-10.686,11.0,0.5907366330453319
EGFR,CHEMBL176582,8A27,hydrophobic,Hydrophobic,855,-10.686,11.0,0.5907366330453319
EGFR,CHEMBL176582,8A27,hydrophobic,Hydrophobic,ARG841,-10.686,11.0,0.5907366330453319
EGFR,CHEMBL176582,8A27,hydrophobic,Hydrophobic,ASP855,-10.686,11.0,0.5907366330453319
EGFR,CHEMBL176582,8A27,hydrophobic,Hydrophobic,LEU788,-10.686,11.0,0.5907366330453319
EGFR,CHEMBL176582,8A27,hydrophobic,Hydrophobic,LEU844,-10.686,11.0,0.5907366330453319
EGFR,CHEMBL176582,8A27,hydrophobic,Hydrophobic,LYS745,-10.686,11.0,0.5907366330453319
EGFR,CHEMBL176582,8A27,hydrophobic,Hydrophobic,THR790,-10.686,11.0,0.5907366330453319
EGFR,CHEMBL176582,8A27,hydrophobic,Hydrophobic,VAL726,-10.686,11.0,0.5907366330453319
EGFR,CHEMBL3623279,8A27,hydrophobic,Hydrophobic,723,-10.556,8.823908740944319,0.7283172938670489
EGFR,CHEMBL3623279,8A27,hydrophobic,Hydrophobic,747,-10.556,8.823908740944319,0.7283172938670489
EGFR,CHEMBL3623279,8A27,hydrophobic,Hydrophobic,759,-10.556,8.823908740944319,0.7283172938670489
EGFR,CHEMBL3623279,8A27,hydrophobic,Hydrophobic,762,-10.556,8.823908740944319,0.7283172938670489
EGFR,CHEMBL3623279,8A27,hydrophobic,Hydrophobic,766,-10.556,8.823908740944319,0.7283172938670489
EGFR,CHEMBL3623279,8A27,hydrophobic,Hydrophobic,777,-10.556,8.823908740944319,0.7283172938670489
EGFR,CHEMBL3623279,8A27,hydrophobic,Hydrophobic,788,-10.556,8.823908740944319,0.7283172938670489
EGFR,CHEMBL3623279,8A27,hydrophobic,Hydrophobic,790,-10.556,8.823908740944319,0.7283172938670489
EGFR,CHEMBL3623279,8A27,hydrophobic,Hydrophobic,854,-10.556,8.823908740944319,0.7283172938670489
EGFR,CHEMBL3623279,8A27,hydrophobic,Hydrophobic,855,-10.556,8.823908740944319,0.7283172938670489
EGFR,CHEMBL3623279,8A27,hydrophobic,Hydrophobic,858,-10.556,8.823908740944319,0.7283172938670489
EGFR,CHEMBL3623279,8A27,hydrophobic,Hydrophobic,ASP855,-10.556,8.823908740944319,0.7283172938670489
EGFR,CHEMBL3623279,8A27,hydrophobic,Hydrophobic,GLU762,-10.556,8.823908740944319,0.7283172938670489
EGFR,CHEMBL3623279,8A27,hydrophobic,Hydrophobic,ILE759,-10.556,8.823908740944319,0.7283172938670489
EGFR,CHEMBL3623279,8A27,hydrophobic,Hydrophobic,LEU747,-10.556,8.823908740944319,0.7283172938670489
EGFR,CHEMBL3623279,8A27,hydrophobic,Hydrophobic,LEU777,-10.556,8.823908740944319,0.7283172938670489
EGFR,CHEMBL3623279,8A27,hydrophobic,Hydrophobic,LEU788,-10.556,8.823908740944319,0.7283172938670489
EGFR,CHEMBL3623279,8A27,hydrophobic,Hydrophobic,LEU858,-10.556,8.823908740944319,0.7283172938670489
EGFR,CHEMBL3623279,8A27,hydrophobic,Hydrophobic,MET766,-10.556,8.823908740944319,0.7283172938670489
EGFR,CHEMBL3623279,8A27,hydrophobic,Hydrophobic,PHE723,-10.556,8.823908740944319,0.7283172938670489
EGFR,CHEMBL3623279,8A27,hydrophobic,Hydrophobic,THR790,-10.556,8.823908740944319,0.7283172938670489
EGFR,CHEMBL3623279,8A27,hydrophobic,Hydrophobic,THR854,-10.556,8.823908740944319,0.7283172938670489
EGFR,CHEMBL162034,8A27,hydrophobic,Hydrophobic,726,-10.511,8.958607314841775,0.6750690396489035
EGFR,CHEMBL162034,8A27,hydrophobic,Hydrophobic,745,-10.511,8.958607314841775,0.6750690396489035
EGFR,CHEMBL162034,8A27,hydrophobic,Hydrophobic,790,-10.511,8.958607314841775,0.6750690396489035
EGFR,CHEMBL162034,8A27,hydrophobic,Hydrophobic,797,-10.511,8.958607314841775,0.6750690396489035
EGFR,CHEMBL162034,8A27,hydrophobic,Hydrophobic,800,-10.511,8.958607314841775,0.6750690396489035
EGFR,CHEMBL162034,8A27,hydrophobic,Hydrophobic,841,-10.511,8.958607314841775,0.6750690396489035
EGFR,CHEMBL162034,8A27,hydrophobic,Hydrophobic,844,-10.511,8.958607314841775,0.6750690396489035
EGFR,CHEMBL162034,8A27,hydrophobic,Hydrophobic,855,-10.511,8.958607314841775,0.6750690396489035
EGFR,CHEMBL162034,8A27,hydrophobic,Hydrophobic,ARG841,-10.511,8.958607314841775,0.6750690396489035
EGFR,CHEMBL162034,8A27,hydrophobic,Hydrophobic,ASP800,-10.511,8.958607314841775,0.6750690396489035
EGFR,CHEMBL162034,8A27,hydrophobic,Hydrophobic,ASP855,-10.511,8.958607314841775,0.6750690396489035
EGFR,CHEMBL162034,8A27,hydrophobic,Hydrophobic,CYS797,-10.511,8.958607314841775,0.6750690396489035
EGFR,CHEMBL162034,8A27,hydrophobic,Hydrophobic,LEU844,-10.511,8.958607314841775,0.6750690396489035
EGFR,CHEMBL162034,8A27,hydrophobic,Hydrophobic,LYS745,-10.511,8.958607314841775,0.6750690396489035
EGFR,CHEMBL162034,8A27,hydrophobic,Hydrophobic,THR790,-10.511,8.958607314841775,0.6750690396489035
EGFR,CHEMBL162034,8A27,hydrophobic,Hydrophobic,VAL726,-10.511,8.958607314841775,0.6750690396489035
EGFR,CHEMBL174426,8A27,hydrophobic,Hydrophobic,726,-10.508,10.602059991327963,0.5907366330453317
EGFR,CHEMBL174426,8A27,hydrophobic,Hydrophobic,745,-10.508,10.602059991327963,0.5907366330453317
EGFR,CHEMBL174426,8A27,hydrophobic,Hydrophobic,788,-10.508,10.602059991327963,0.5907366330453317
EGFR,CHEMBL174426,8A27,hydrophobic,Hydrophobic,790,-10.508,10.602059991327963,0.5907366330453317
EGFR,CHEMBL174426,8A27,hydrophobic,Hydrophobic,797,-10.508,10.602059991327963,0.5907366330453317
EGFR,CHEMBL174426,8A27,hydrophobic,Hydrophobic,844,-10.508,10.602059991327963,0.5907366330453317
EGFR,CHEMBL174426,8A27,hydrophobic,Hydrophobic,855,-10.508,10.602059991327963,0.5907366330453317
EGFR,CHEMBL174426,8A27,hydrophobic,Hydrophobic,ASP855,-10.508,10.602059991327963,0.5907366330453317
EGFR,CHEMBL174426,8A27,hydrophobic,Hydrophobic,CYS797,-10.508,10.602059991327963,0.5907366330453317
EGFR,CHEMBL174426,8A27,hydrophobic,Hydrophobic,LEU788,-10.508,10.602059991327963,0.5907366330453317
EGFR,CHEMBL174426,8A27,hydrophobic,Hydrophobic,LEU844,-10.508,10.602059991327963,0.5907366330453317
EGFR,CHEMBL174426,8A27,hydrophobic,Hydrophobic,LYS745,-10.508,10.602059991327963,0.5907366330453317
EGFR,CHEMBL174426,8A27,hydrophobic,Hydrophobic,THR790,-10.508,10.602059991327963,0.5907366330453317
EGFR,CHEMBL174426,8A27,hydrophobic,Hydrophobic,VAL726,-10.508,10.602059991327963,0.5907366330453317
EGFR,CHEMBL5790648,8A2D,hydrophobic,Hydrophobic,718,-10.419,10.795880017344075,0.6562395765631853
EGFR,CHEMBL5790648,8A2D,hydrophobic,Hydrophobic,723,-10.419,10.795880017344075,0.6562395765631853
EGFR,CHEMBL5790648,8A2D,hydrophobic,Hydrophobic,726,-10.419,10.795880017344075,0.6562395765631853
EGFR,CHEMBL5790648,8A2D,hydrophobic,Hydrophobic,745,-10.419,10.795880017344075,0.6562395765631853
EGFR,CHEMBL5790648,8A2D,hydrophobic,Hydrophobic,844,-10.419,10.795880017344075,0.6562395765631853
EGFR,CHEMBL5790648,8A2D,hydrophobic,Hydrophobic,855,-10.419,10.795880017344075,0.6562395765631853
EGFR,CHEMBL5790648,8A2D,hydrophobic,Hydrophobic,865,-10.419,10.795880017344075,0.6562395765631853
EGFR,CHEMBL5790648,8A2D,hydrophobic,Hydrophobic,ASP855,-10.419,10.795880017344075,0.6562395765631853
EGFR,CHEMBL5790648,8A2D,hydrophobic,Hydrophobic,GLU865,-10.419,10.795880017344075,0.6562395765631853
EGFR,CHEMBL5790648,8A2D,hydrophobic,Hydrophobic,LEU718,-10.419,10.795880017344075,0.6562395765631853
EGFR,CHEMBL5790648,8A2D,hydrophobic,Hydrophobic,LEU844,-10.419,10.795880017344075,0.6562395765631853
EGFR,CHEMBL5790648,8A2D,hydrophobic,Hydrophobic,LYS745,-10.419,10.795880017344075,0.6562395765631853
EGFR,CHEMBL5790648,8A2D,hydrophobic,Hydrophobic,PHE723,-10.419,10.795880017344075,0.6562395765631853
EGFR,CHEMBL5790648,8A2D,hydrophobic,Hydrophobic,VAL726,-10.419,10.795880017344075,0.6562395765631853
EGFR,CHEMBL5790648,8A2D,hbond,H-Bond,722,-10.419,10.795880017344075,0.6562395765631853
EGFR,CHEMBL5790648,8A2D,hbond,H-Bond,ALA722,-10.419,10.795880017344075,0.6562395765631853
EGFR,CHEMBL5790648,8A27,hydrophobic,Hydrophobic,723,-10.261,10.795880017344075,0.6562395765631853
EGFR,CHEMBL5790648,8A27,hydrophobic,Hydrophobic,745,-10.261,10.795880017344075,0.6562395765631853
EGFR,CHEMBL5790648,8A27,hydrophobic,Hydrophobic,749,-10.261,10.795880017344075,0.6562395765631853
EGFR,CHEMBL5790648,8A27,hydrophobic,Hydrophobic,759,-10.261,10.795880017344075,0.6562395765631853
EGFR,CHEMBL5790648,8A27,hydrophobic,Hydrophobic,762,-10.261,10.795880017344075,0.6562395765631853
EGFR,CHEMBL5790648,8A27,hydrophobic,Hydrophobic,766,-10.261,10.795880017344075,0.6562395765631853
EGFR,CHEMBL5790648,8A27,hydrophobic,Hydrophobic,777,-10.261,10.795880017344075,0.6562395765631853
EGFR,CHEMBL5790648,8A27,hydrophobic,Hydrophobic,788,-10.261,10.795880017344075,0.6562395765631853
EGFR,CHEMBL5790648,8A27,hydrophobic,Hydrophobic,854,-10.261,10.795880017344075,0.6562395765631853
EGFR,CHEMBL5790648,8A27,hydrophobic,Hydrophobic,855,-10.261,10.795880017344075,0.6562395765631853
EGFR,CHEMBL5790648,8A27,hydrophobic,Hydrophobic,858,-10.261,10.795880017344075,0.6562395765631853
EGFR,CHEMBL5790648,8A27,hydrophobic,Hydrophobic,ASP855,-10.261,10.795880017344075,0.6562395765631853
EGFR,CHEMBL5790648,8A27,hydrophobic,Hydrophobic,GLU749,-10.261,10.795880017344075,0.6562395765631853
EGFR,CHEMBL5790648,8A27,hydrophobic,Hydrophobic,GLU762,-10.261,10.795880017344075,0.6562395765631853
EGFR,CHEMBL5790648,8A27,hydrophobic,Hydrophobic,ILE759,-10.261,10.795880017344075,0.6562395765631853
EGFR,CHEMBL5790648,8A27,hydrophobic,Hydrophobic,LEU777,-10.261,10.795880017344075,0.6562395765631853
EGFR,CHEMBL5790648,8A27,hydrophobic,Hydrophobic,LEU788,-10.261,10.795880017344075,0.6562395765631853
EGFR,CHEMBL5790648,8A27,hydrophobic,Hydrophobic,LEU858,-10.261,10.795880017344075,0.6562395765631853
EGFR,CHEMBL5790648,8A27,hydrophobic,Hydrophobic,LYS745,-10.261,10.795880017344075,0.6562395765631853
EGFR,CHEMBL5790648,8A27,hydrophobic,Hydrophobic,MET766,-10.261,10.795880017344075,0.6562395765631853
EGFR,CHEMBL5790648,8A27,hydrophobic,Hydrophobic,PHE723,-10.261,10.795880017344075,0.6562395765631853
EGFR,CHEMBL5790648,8A27,hydrophobic,Hydrophobic,THR854,-10.261,10.795880017344075,0.6562395765631853
EGFR,CHEMBL2031297,8A27,hydrophobic,Hydrophobic,718,-10.261,9.55284196865778,0.6376846354210275
EGFR,CHEMBL2031297,8A27,hydrophobic,Hydrophobic,726,-10.261,9.55284196865778,0.6376846354210275
EGFR,CHEMBL2031297,8A27,hydrophobic,Hydrophobic,745,-10.261,9.55284196865778,0.6376846354210275
EGFR,CHEMBL2031297,8A27,hydrophobic,Hydrophobic,790,-10.261,9.55284196865778,0.6376846354210275
EGFR,CHEMBL2031297,8A27,hydrophobic,Hydrophobic,800,-10.261,9.55284196865778,0.6376846354210275
EGFR,CHEMBL2031297,8A27,hydrophobic,Hydrophobic,844,-10.261,9.55284196865778,0.6376846354210275
EGFR,CHEMBL2031297,8A27,hydrophobic,Hydrophobic,855,-10.261,9.55284196865778,0.6376846354210275
EGFR,CHEMBL2031297,8A27,hydrophobic,Hydrophobic,ASP800,-10.261,9.55284196865778,0.6376846354210275
EGFR,CHEMBL2031297,8A27,hydrophobic,Hydrophobic,ASP855,-10.261,9.55284196865778,0.6376846354210275
EGFR,CHEMBL2031297,8A27,hydrophobic,Hydrophobic,LEU718,-10.261,9.55284196865778,0.6376846354210275
EGFR,CHEMBL2031297,8A27,hydrophobic,Hydrophobic,LEU844,-10.261,9.55284196865778,0.6376846354210275
EGFR,CHEMBL2031297,8A27,hydrophobic,Hydrophobic,LYS745,-10.261,9.55284196865778,0.6376846354210275
EGFR,CHEMBL2031297,8A27,hydrophobic,Hydrophobic,THR790,-10.261,9.55284196865778,0.6376846354210275
EGFR,CHEMBL2031297,8A27,hydrophobic,Hydrophobic,VAL726,-10.261,9.55284196865778,0.6376846354210275
EGFR,CHEMBL2031297,8A27,hbond,H-Bond,797,-10.261,9.55284196865778,0.6376846354210275
EGFR,CHEMBL2031297,8A27,hbond,H-Bond,CYS797,-10.261,9.55284196865778,0.6376846354210275
