molecule_chembl_id,smiles,IC50_nM,pIC50,units,gene_symbol,uniprot_accession,chembl_target_id,protein_name,mw,logp,hba,hbd,tpsa,rotatable_bonds,rings,aromatic_rings,heavy_atoms,qed,fsp3,stereo_centers,ro5_violations,ro5_violation_details,ro5_pass,admet_qed,admet_tpsa,admet_rotb,admet_mw_range,admet_logp_range,admet_hbd,admet_hba,admet_rings,admet_pass,is_pains,pains_description,pains_pass,has_unwanted_substructure,unwanted_substructures,brenk_pass,passed_all_filters,active,pred_active_prob,pred_pIC50,composite_score
CHEMBL000478,CC(Nc1nc2ccccc2s1)c1ccccc1,0.003816618818390508,11.418321212682855,nM,PPP2R5A,Q13362,CHEMBL4860,PPP2R5A kinase,254.087769448,4.469400000000003,3,1,24.92,3,3,3,18,0.7456020593403673,0.13333333333333333,1,0,,True,True,True,True,True,True,True,True,True,True,False,,True,False,,True,True,1,0.6374358614040098,6.875812777226534,0.4752734909013456
CHEMBL000393,O=C(c1ccc(Cl)cc1)N1CCN(c2ncnc3ccccc23)CC1,0.2836689827093605,9.54718814878153,nM,PPP2R5A,Q13362,CHEMBL4860,PPP2R5A kinase,352.109088844,3.2456000000000014,4,0,49.330000000000005,2,4,3,25,0.7100746986812095,0.21052631578947367,0,0,,True,True,True,True,True,True,True,True,True,True,False,,True,False,,True,True,1,0.7871073204322631,7.278262029139097,0.42933501251131434
CHEMBL000397,Cc1ccc(S(=O)(=O)Nc2cccc(C(F)(F)F)c2)cc1,1.47635717403464,8.83080856124812,nM,PPP2R5A,Q13362,CHEMBL4860,PPP2R5A kinase,315.054084284,3.8146200000000023,2,1,46.17,3,2,2,21,0.9358255532078548,0.14285714285714285,0,0,,True,True,True,True,True,True,True,True,True,True,False,,True,False,,True,True,1,0.6492622767164198,6.407172258460072,0.41280953658452463
CHEMBL000378,CC(Nc1nc2ccccc2s1)c1ccccc1,0.0822802495434253,10.084704399826508,nM,PPP2R5A,Q13362,CHEMBL4860,PPP2R5A kinase,254.087769448,4.469400000000003,3,1,24.92,3,3,3,18,0.7456020593403673,0.13333333333333333,1,0,,True,True,True,True,True,True,True,True,True,True,False,,True,False,,True,True,1,0.6374358614040098,6.875812777226534,0.39674334845183024
CHEMBL000372,CNc1cc2c(Nc3cccc(Br)c3)ncnc2cn1,1.0550780507374848,8.976715411692563,nM,PPP2R5A,Q13362,CHEMBL4860,PPP2R5A kinase,329.02760748400004,3.572600000000002,5,2,62.730000000000004,3,3,3,20,0.7686164717854101,0.07142857142857142,0,0,,True,True,True,True,True,True,True,True,True,True,False,,True,False,,True,True,1,0.7148416023293548,6.219386215583503,0.38322916902909815
CHEMBL000473,O=C(c1ccc(Cl)cc1)N1CCN(c2ncnc3ccccc23)CC1,1.4115250791240204,8.850311401166786,nM,PPP2R5A,Q13362,CHEMBL4860,PPP2R5A kinase,352.109088844,3.2456000000000014,4,0,49.330000000000005,2,4,3,25,0.7100746986812095,0.21052631578947367,0,0,,True,True,True,True,True,True,True,True,True,True,False,,True,False,,True,True,1,0.7871073204322631,7.278262029139097,0.38107852634579553
CHEMBL000413,O=C(c1ccc(Cl)cc1)N1CCN(c2ncnc3ccccc23)CC1,1.9208115882419496,8.716515232847764,nM,PPP2R5A,Q13362,CHEMBL4860,PPP2R5A kinase,352.109088844,3.2456000000000014,4,0,49.330000000000005,2,4,3,25,0.7100746986812095,0.21052631578947367,0,0,,True,True,True,True,True,True,True,True,True,True,False,,True,False,,True,True,1,0.7871073204322631,7.278262029139097,0.3718135695688825
CHEMBL000552,CNc1cc2c(Nc3cccc(Br)c3)ncnc2cn1,2.807546173622006,8.551673092489711,nM,PPP2R5A,Q13362,CHEMBL4860,PPP2R5A kinase,329.02760748400004,3.572600000000002,5,2,62.730000000000004,3,3,3,20,0.7686164717854101,0.07142857142857142,0,0,,True,True,True,True,True,True,True,True,True,True,False,,True,False,,True,True,1,0.7148416023293548,6.219386215583503,0.3542948403026092
CHEMBL000387,CS(=O)(=O)c1ccc(-c2nc3ccccc3s2)cc1,0.24307692915789947,9.61425625882383,nM,PPP2R5A,Q13362,CHEMBL4860,PPP2R5A kinase,289.023120592,3.3668000000000022,4,0,47.03,2,3,3,19,0.7264218540215103,0.07142857142857142,0,0,,True,True,True,True,True,True,True,True,True,True,False,,True,False,,True,True,1,0.617917100656035,6.453039556565482,0.34853797646430973
CHEMBL000577,Cc1ccc(S(=O)(=O)Nc2cccc(C(F)(F)F)c2)cc1,11.058652446146004,7.95629779083045,nM,PPP2R5A,Q13362,CHEMBL4860,PPP2R5A kinase,315.054084284,3.8146200000000023,2,1,46.17,3,2,2,21,0.9358255532078548,0.14285714285714285,0,0,,True,True,True,True,True,True,True,True,True,True,False,,True,False,,True,True,1,0.6492622767164198,6.407172258460072,0.34697679155796984
CHEMBL000425,Cc1cnc(Nc2cc(C(F)(F)F)cc(C3(N)CC3)c2)nc1,1.4029838237891328,8.852947336298524,nM,PPP2R5A,Q13362,CHEMBL4860,PPP2R5A kinase,308.12488114000007,3.4952200000000015,4,2,63.83,3,3,2,22,0.9107210731688247,0.3333333333333333,0,0,,True,True,True,True,True,True,True,True,True,True,False,,True,False,,True,True,1,0.5472931125604524,6.284191571450603,0.34000854033938605
CHEMBL000399,N#Cc1ccc(NC(=O)c2cc3cc(Cl)ccc3[nH]2)cc1,2.204324522278018,8.656724467960192,nM,PPP2R5A,Q13362,CHEMBL4860,PPP2R5A kinase,295.05123962,3.945280000000002,2,2,68.68,2,3,3,21,0.7514579774465523,0.0,0,0,,True,True,True,True,True,True,True,True,True,True,False,,True,False,,True,True,1,0.687780609051649,6.764400879649226,0.33999980760303133
CHEMBL000373,O=C(c1ccc(Cl)cc1)N1CCN(c2ncnc3ccccc23)CC1,5.768909963229204,8.238906239127811,nM,PPP2R5A,Q13362,CHEMBL4860,PPP2R5A kinase,352.109088844,3.2456000000000014,4,0,49.330000000000005,2,4,3,25,0.7100746986812095,0.21052631578947367,0,0,,True,True,True,True,True,True,True,True,True,True,False,,True,False,,True,True,1,0.7871073204322631,7.278262029139097,0.3387406741438857
CHEMBL000579,N#Cc1ccc(NC(=O)c2cc3cc(Cl)ccc3[nH]2)cc1,3.0504852907295152,8.515631064810393,nM,PPP2R5A,Q13362,CHEMBL4860,PPP2R5A kinase,295.05123962,3.945280000000002,2,2,68.68,2,3,3,21,0.7514579774465523,0.0,0,0,,True,True,True,True,True,True,True,True,True,True,False,,True,False,,True,True,1,0.687780609051649,6.764400879649226,0.33096491349188406
CHEMBL000479,N#Cc1ccc(NC(=O)c2cc3cc(Cl)ccc3[nH]2)cc1,3.316176465551618,8.479362367151865,nM,PPP2R5A,Q13362,CHEMBL4860,PPP2R5A kinase,295.05123962,3.945280000000002,2,2,68.68,2,3,3,21,0.7514579774465523,0.0,0,0,,True,True,True,True,True,True,True,True,True,True,False,,True,False,,True,True,1,0.687780609051649,6.764400879649226,0.32864245308212203
CHEMBL000313,O=C(c1ccc(Cl)cc1)N1CCN(c2ncnc3ccccc23)CC1,9.544112414648511,8.020264454000957,nM,PPP2R5A,Q13362,CHEMBL4860,PPP2R5A kinase,352.109088844,3.2456000000000014,4,0,49.330000000000005,2,4,3,25,0.7100746986812095,0.21052631578947367,0,0,,True,True,True,True,True,True,True,True,True,True,False,,True,False,,True,True,1,0.7871073204322631,7.278262029139097,0.3236004297386997
CHEMBL000352,CNc1cc2c(Nc3cccc(Br)c3)ncnc2cn1,8.194275573691813,8.08648943480303,nM,PPP2R5A,Q13362,CHEMBL4860,PPP2R5A kinase,329.02760748400004,3.572600000000002,5,2,62.730000000000004,3,3,3,20,0.7686164717854101,0.07142857142857142,0,0,,True,True,True,True,True,True,True,True,True,True,False,,True,False,,True,True,1,0.7148416023293548,6.219386215583503,0.3226279302995297
CHEMBL000312,CNc1cc2c(Nc3cccc(Br)c3)ncnc2cn1,9.159578236234614,8.038124523482045,nM,PPP2R5A,Q13362,CHEMBL4860,PPP2R5A kinase,329.02760748400004,3.572600000000002,5,2,62.730000000000004,3,3,3,20,0.7686164717854101,0.07142857142857142,0,0,,True,True,True,True,True,True,True,True,True,True,False,,True,False,,True,True,1,0.7148416023293548,6.219386215583503,0.319335537566464
CHEMBL000433,O=C(c1ccc(Cl)cc1)N1CCN(c2ncnc3ccccc23)CC1,13.294947181838758,7.876313383693944,nM,PPP2R5A,Q13362,CHEMBL4860,PPP2R5A kinase,352.109088844,3.2456000000000014,4,0,49.330000000000005,2,4,3,25,0.7100746986812095,0.21052631578947367,0,0,,True,True,True,True,True,True,True,True,True,True,False,,True,False,,True,True,1,0.7871073204322631,7.278262029139097,0.31363227847442143
CHEMBL000488,CC1CCN(c2nc(Nc3ccc(F)c(Cl)c3)c3ncnc(N4CC4)c3n2)CC1,0.46696845888982974,9.330712452608847,nM,PPP2R5A,Q13362,CHEMBL4860,PPP2R5A kinase,413.1530995720001,4.012200000000003,7,1,69.84,4,5,3,29,0.6476963579880024,0.4,0,0,,True,True,True,True,True,True,True,True,True,True,False,,True,False,,True,True,1,0.6443368879346218,7.261136334100327,0.30939145464615353
CHEMBL000418,CC(Nc1nc2ccccc2s1)c1ccccc1,2.6980762801443685,8.56894577609574,nM,PPP2R5A,Q13362,CHEMBL4860,PPP2R5A kinase,254.087769448,4.469400000000003,3,1,24.92,3,3,3,18,0.7456020593403673,0.13333333333333333,1,0,,True,True,True,True,True,True,True,True,True,True,False,,True,False,,True,True,1,0.6374358614040098,6.875812777226534,0.30748776956803253
CHEMBL000583,Brc1cccc(Nc2ncnc3cc4ccccc4cc23)c1,0.06222439938185496,10.206039286706593,nM,PPP2R5A,Q13362,CHEMBL4860,PPP2R5A kinase,349.021459484,5.289100000000002,3,1,37.81,2,4,4,22,0.49938282866401273,0.0,0,1,LogP=5.29>5,True,True,True,True,True,True,True,True,True,True,False,,True,False,,True,True,1,0.7047395166995348,7.504472094185115,0.29907476064514055
CHEMBL000477,Cc1ccc(S(=O)(=O)Nc2cccc(C(F)(F)F)c2)cc1,54.09096982278704,7.266875231815304,nM,PPP2R5A,Q13362,CHEMBL4860,PPP2R5A kinase,315.054084284,3.8146200000000023,2,1,46.17,3,2,2,21,0.9358255532078548,0.14285714285714285,0,0,,True,True,True,True,True,True,True,True,True,True,False,,True,False,,True,True,1,0.6492622767164198,6.407172258460072,0.29507739697244373
CHEMBL000519,N#Cc1ccc(NC(=O)c2cc3cc(Cl)ccc3[nH]2)cc1,11.828217856986281,7.927080685057684,nM,PPP2R5A,Q13362,CHEMBL4860,PPP2R5A kinase,295.05123962,3.945280000000002,2,2,68.68,2,3,3,21,0.7514579774465523,0.0,0,0,,True,True,True,True,True,True,True,True,True,True,False,,True,False,,True,True,1,0.687780609051649,6.764400879649226,0.29327718152545307
CHEMBL000538,CC(Nc1nc2ccccc2s1)c1ccccc1,4.904116586269788,8.30943921382166,nM,PPP2R5A,Q13362,CHEMBL4860,PPP2R5A kinase,254.087769448,4.469400000000003,3,1,24.92,3,3,3,18,0.7456020593403673,0.13333333333333333,1,0,,True,True,True,True,True,True,True,True,True,True,False,,True,False,,True,True,1,0.6374358614040098,6.875812777226534,0.29220670299365464
CHEMBL000453,O=C(c1ccc(Cl)cc1)N1CCN(c2ncnc3ccccc23)CC1,27.792667179360617,7.556069773276766,nM,PPP2R5A,Q13362,CHEMBL4860,PPP2R5A kinase,352.109088844,3.2456000000000014,4,0,49.330000000000005,2,4,3,25,0.7100746986812095,0.21052631578947367,0,0,,True,True,True,True,True,True,True,True,True,True,False,,True,False,,True,True,1,0.7871073204322631,7.278262029139097,0.2914564325897834
CHEMBL000323,Brc1cccc(Nc2ncnc3cc4ccccc4cc23)c1,0.11519114268873738,9.93858091352819,nM,PPP2R5A,Q13362,CHEMBL4860,PPP2R5A kinase,349.021459484,5.289100000000002,3,1,37.81,2,4,4,22,0.49938282866401273,0.0,0,1,LogP=5.29>5,True,True,True,True,True,True,True,True,True,True,False,,True,False,,True,True,1,0.7047395166995348,7.504472094185115,0.2874125693840703
CHEMBL000592,CNc1cc2c(Nc3cccc(Br)c3)ncnc2cn1,30.306114616300732,7.518469738619587,nM,PPP2R5A,Q13362,CHEMBL4860,PPP2R5A kinase,329.02760748400004,3.572600000000002,5,2,62.730000000000004,3,3,3,20,0.7686164717854101,0.07142857142857142,0,0,,True,True,True,True,True,True,True,True,True,True,False,,True,False,,True,True,1,0.7148416023293548,6.219386215583503,0.2839605603225456
CHEMBL000571,Brc1cccc(Nc2ncnc3cc4[nH]cnc4cc23)c1,0.48455606249124694,9.314655968412923,nM,PPP2R5A,Q13362,CHEMBL4860,PPP2R5A kinase,339.01195742000004,4.012200000000001,4,2,66.49000000000001,2,4,4,21,0.5785608229687814,0.0,0,0,,True,True,True,True,True,True,True,True,True,True,False,,True,False,,True,True,1,0.6592179395508939,6.557634731917809,0.2819908027352886
CHEMBL000377,Cc1ccc(S(=O)(=O)Nc2cccc(C(F)(F)F)c2)cc1,84.13699393557233,7.075013008607527,nM,PPP2R5A,Q13362,CHEMBL4860,PPP2R5A kinase,315.054084284,3.8146200000000023,2,1,46.17,3,2,2,21,0.9358255532078548,0.14285714285714285,0,0,,True,True,True,True,True,True,True,True,True,True,False,,True,False,,True,True,1,0.6492622767164198,6.407172258460072,0.2806341022207588
CHEMBL000562,CN(C)c1cc2c(Nc3cccc(Br)c3)ncnc2cn1,7.821912346084127,8.106687055147539,nM,PPP2R5A,Q13362,CHEMBL4860,PPP2R5A kinase,343.04325754800004,3.5969000000000015,5,1,53.94,3,3,3,21,0.7868681517234083,0.13333333333333333,0,0,,True,True,True,True,True,True,True,True,True,True,False,,True,False,,True,True,1,0.5941753474933671,6.099311927869296,0.27570582219762424
CHEMBL000445,Cc1cnc(Nc2cc(C(F)(F)F)cc(C3(N)CC3)c2)nc1,15.68524030794889,7.804508823245057,nM,PPP2R5A,Q13362,CHEMBL4860,PPP2R5A kinase,308.12488114000007,3.4952200000000015,4,2,63.83,3,3,2,22,0.9107210731688247,0.3333333333333333,0,0,,True,True,True,True,True,True,True,True,True,True,False,,True,False,,True,True,1,0.5472931125604524,6.284191571450603,0.2752629692257533
CHEMBL000593,O=C(c1ccc(Cl)cc1)N1CCN(c2ncnc3ccccc23)CC1,50.06184394335732,7.300493157930422,nM,PPP2R5A,Q13362,CHEMBL4860,PPP2R5A kinase,352.109088844,3.2456000000000014,4,0,49.330000000000005,2,4,3,25,0.7100746986812095,0.21052631578947367,0,0,,True,True,True,True,True,True,True,True,True,True,False,,True,False,,True,True,1,0.7871073204322631,7.278262029139097,0.2737585693092177
CHEMBL000417,Cc1ccc(S(=O)(=O)Nc2cccc(C(F)(F)F)c2)cc1,106.28893330027687,6.973511951439288,nM,PPP2R5A,Q13362,CHEMBL4860,PPP2R5A kinase,315.054084284,3.8146200000000023,2,1,46.17,3,2,2,21,0.9358255532078548,0.14285714285714285,0,0,,True,True,True,True,True,True,True,True,True,True,False,,True,False,,True,True,1,0.6492622767164198,6.407172258460072,0.2729931520546549
CHEMBL000405,Cc1cnc(Nc2cc(C(F)(F)F)cc(C3(N)CC3)c2)nc1,18.438479359511486,7.734274898521248,nM,PPP2R5A,Q13362,CHEMBL4860,PPP2R5A kinase,308.12488114000007,3.4952200000000015,4,2,63.83,3,3,2,22,0.9107210731688247,0.3333333333333333,0,0,,True,True,True,True,True,True,True,True,True,True,False,,True,False,,True,True,1,0.5472931125604524,6.284191571450603,0.27092572339666665
CHEMBL000572,CNc1cc2c(Nc3cccc(Br)c3)ncnc2cn1,51.23997855999902,7.290391060646244,nM,PPP2R5A,Q13362,CHEMBL4860,PPP2R5A kinase,329.02760748400004,3.572600000000002,5,2,62.730000000000004,3,3,3,20,0.7686164717854101,0.07142857142857142,0,0,,True,True,True,True,True,True,True,True,True,True,False,,True,False,,True,True,1,0.7148416023293548,6.219386215583503,0.2684343335309159
CHEMBL000491,Brc1cccc(Nc2ncnc3cc4[nH]cnc4cc23)c1,0.9551768576207936,9.019916208335038,nM,PPP2R5A,Q13362,CHEMBL4860,PPP2R5A kinase,339.01195742000004,4.012200000000001,4,2,66.49000000000001,2,4,4,21,0.5785608229687814,0.0,0,0,,True,True,True,True,True,True,True,True,True,True,False,,True,False,,True,True,1,0.6592179395508939,6.557634731917809,0.2680631318089259
CHEMBL000351,Brc1cccc(Nc2ncnc3cc4[nH]cnc4cc23)c1,0.9704332638762927,9.013034325424329,nM,PPP2R5A,Q13362,CHEMBL4860,PPP2R5A kinase,339.01195742000004,4.012200000000001,4,2,66.49000000000001,2,4,4,21,0.5785608229687814,0.0,0,0,,True,True,True,True,True,True,True,True,True,True,False,,True,False,,True,True,1,0.6592179395508939,6.557634731917809,0.2677379344195109
CHEMBL000553,O=C(c1ccc(Cl)cc1)N1CCN(c2ncnc3ccccc23)CC1,65.82164547931093,7.18163126495182,nM,PPP2R5A,Q13362,CHEMBL4860,PPP2R5A kinase,352.109088844,3.2456000000000014,4,0,49.330000000000005,2,4,3,25,0.7100746986812095,0.21052631578947367,0,0,,True,True,True,True,True,True,True,True,True,True,False,,True,False,,True,True,1,0.7871073204322631,7.278262029139097,0.26552776333992417
CHEMBL000302,CN(C)c1cc2c(Nc3cccc(Br)c3)ncnc2cn1,11.996639053900818,7.920940407684893,nM,PPP2R5A,Q13362,CHEMBL4860,PPP2R5A kinase,343.04325754800004,3.5969000000000015,5,1,53.94,3,3,3,21,0.7868681517234083,0.13333333333333333,0,0,,True,True,True,True,True,True,True,True,True,True,False,,True,False,,True,True,1,0.5941753474933671,6.099311927869296,0.264946143267272
CHEMBL000428,CC1CCN(c2nc(Nc3ccc(F)c(Cl)c3)c3ncnc(N4CC4)c3n2)CC1,4.0960313289086745,8.387636730274382,nM,PPP2R5A,Q13362,CHEMBL4860,PPP2R5A kinase,413.1530995720001,4.012200000000003,7,1,69.84,4,5,3,29,0.6476963579880024,0.4,0,0,,True,True,True,True,True,True,True,True,True,True,False,,True,False,,True,True,1,0.6443368879346218,7.261136334100327,0.2606281929950601
CHEMBL000327,CS(=O)(=O)c1ccc(-c2nc3ccccc3s2)cc1,10.292146491911241,7.987494040944403,nM,PPP2R5A,Q13362,CHEMBL4860,PPP2R5A kinase,289.023120592,3.3668000000000022,4,0,47.03,2,3,3,19,0.7264218540215103,0.07142857142857142,0,0,,True,True,True,True,True,True,True,True,True,True,False,,True,False,,True,True,1,0.617917100656035,6.453039556565482,0.2580679068612384
CHEMBL000599,N#Cc1ccc(NC(=O)c2cc3cc(Cl)ccc3[nH]2)cc1,43.057544631815794,7.365950739567278,nM,PPP2R5A,Q13362,CHEMBL4860,PPP2R5A kinase,295.05123962,3.945280000000002,2,2,68.68,2,3,3,21,0.7514579774465523,0.0,0,0,,True,True,True,True,True,True,True,True,True,True,False,,True,False,,True,True,1,0.687780609051649,6.764400879649226,0.2573453127993364
CHEMBL000467,CS(=O)(=O)c1ccc(-c2nc3ccccc3s2)cc1,11.580796626804645,7.936261565070957,nM,PPP2R5A,Q13362,CHEMBL4860,PPP2R5A kinase,289.023120592,3.3668000000000022,4,0,47.03,2,3,3,19,0.7264218540215103,0.07142857142857142,0,0,,True,True,True,True,True,True,True,True,True,True,False,,True,False,,True,True,1,0.617917100656035,6.453039556565482,0.25521868550161636
CHEMBL000582,CN(C)c1cc2c(Nc3cccc(Br)c3)ncnc2cn1,17.81669727152204,7.749172799159427,nM,PPP2R5A,Q13362,CHEMBL4860,PPP2R5A kinase,343.04325754800004,3.5969000000000015,5,1,53.94,3,3,3,21,0.7868681517234083,0.13333333333333333,0,0,,True,True,True,True,True,True,True,True,True,True,False,,True,False,,True,True,1,0.5941753474933671,6.099311927869296,0.25499622307428377
CHEMBL000388,CC1CCN(c2nc(Nc3ccc(F)c(Cl)c3)c3ncnc(N4CC4)c3n2)CC1,5.947908004416505,8.225635757279075,nM,PPP2R5A,Q13362,CHEMBL4860,PPP2R5A kinase,413.1530995720001,4.012200000000003,7,1,69.84,4,5,3,29,0.6476963579880024,0.4,0,0,,True,True,True,True,True,True,True,True,True,True,False,,True,False,,True,True,1,0.6443368879346218,7.261136334100327,0.25225166961860507
CHEMBL000427,CS(=O)(=O)c1ccc(-c2nc3ccccc3s2)cc1,14.82254610929263,7.829077189997658,nM,PPP2R5A,Q13362,CHEMBL4860,PPP2R5A kinase,289.023120592,3.3668000000000022,4,0,47.03,2,3,3,19,0.7264218540215103,0.07142857142857142,0,0,,True,True,True,True,True,True,True,True,True,True,False,,True,False,,True,True,1,0.617917100656035,6.453039556565482,0.24925777875896798
CHEMBL000542,CN(C)c1cc2c(Nc3cccc(Br)c3)ncnc2cn1,25.426918623609115,7.594706266872924,nM,PPP2R5A,Q13362,CHEMBL4860,PPP2R5A kinase,343.04325754800004,3.5969000000000015,5,1,53.94,3,3,3,21,0.7868681517234083,0.13333333333333333,0,0,,True,True,True,True,True,True,True,True,True,True,False,,True,False,,True,True,1,0.5941753474933671,6.099311927869296,0.2460484960730635
CHEMBL000543,Brc1cccc(Nc2ncnc3cc4ccccc4cc23)c1,1.0905537337975373,8.96235293098685,nM,PPP2R5A,Q13362,CHEMBL4860,PPP2R5A kinase,349.021459484,5.289100000000002,3,1,37.81,2,4,4,22,0.49938282866401273,0.0,0,1,LogP=5.29>5,True,True,True,True,True,True,True,True,True,True,False,,True,False,,True,True,1,0.7047395166995348,7.504472094185115,0.24484535673146154
CHEMBL000492,CNc1cc2c(Nc3cccc(Br)c3)ncnc2cn1,121.32422855819804,6.916052461471427,nM,PPP2R5A,Q13362,CHEMBL4860,PPP2R5A kinase,329.02760748400004,3.572600000000002,5,2,62.730000000000004,3,3,3,20,0.7686164717854101,0.07142857142857142,0,0,,True,True,True,True,True,True,True,True,True,True,False,,True,False,,True,True,1,0.7148416023293548,6.219386215583503,0.24295160958980097
CHEMBL000588,CC1CCN(c2nc(Nc3ccc(F)c(Cl)c3)c3ncnc(N4CC4)c3n2)CC1,9.005260391698627,8.045503724816369,nM,PPP2R5A,Q13362,CHEMBL4860,PPP2R5A kinase,413.1530995720001,4.012200000000003,7,1,69.84,4,5,3,29,0.6476963579880024,0.4,0,0,,True,True,True,True,True,True,True,True,True,True,False,,True,False,,True,True,1,0.6443368879346218,7.261136334100327,0.24293765036999274
CHEMBL000332,CNc1cc2c(Nc3cccc(Br)c3)ncnc2cn1,121.98127338047965,6.913706837290589,nM,PPP2R5A,Q13362,CHEMBL4860,PPP2R5A kinase,329.02760748400004,3.572600000000002,5,2,62.730000000000004,3,3,3,20,0.7686164717854101,0.07142857142857142,0,0,,True,True,True,True,True,True,True,True,True,True,False,,True,False,,True,True,1,0.7148416023293548,6.219386215583503,0.24279193358096396
CHEMBL000311,Brc1cccc(Nc2ncnc3cc4[nH]cnc4cc23)c1,3.563155058343744,8.448165277980785,nM,PPP2R5A,Q13362,CHEMBL4860,PPP2R5A kinase,339.01195742000004,4.012200000000001,4,2,66.49000000000001,2,4,4,21,0.5785608229687814,0.0,0,0,,True,True,True,True,True,True,True,True,True,True,False,,True,False,,True,True,1,0.6592179395508939,6.557634731917809,0.24104553904264459
CHEMBL000338,CC(Nc1nc2ccccc2s1)c1ccccc1,38.07174812420919,7.419397181413436,nM,PPP2R5A,Q13362,CHEMBL4860,PPP2R5A kinase,254.087769448,4.469400000000003,3,1,24.92,3,3,3,18,0.7456020593403673,0.13333333333333333,1,0,,True,True,True,True,True,True,True,True,True,True,False,,True,False,,True,True,1,0.6374358614040098,6.875812777226534,0.23979650021481277
CHEMBL000497,Cc1ccc(S(=O)(=O)Nc2cccc(C(F)(F)F)c2)cc1,305.8496706185647,6.5144919828745875,nM,PPP2R5A,Q13362,CHEMBL4860,PPP2R5A kinase,315.054084284,3.8146200000000023,2,1,46.17,3,2,2,21,0.9358255532078548,0.14285714285714285,0,0,,True,True,True,True,True,True,True,True,True,True,False,,True,False,,True,True,1,0.6492622767164198,6.407172258460072,0.23843835230280672
CHEMBL000558,CC(Nc1nc2ccccc2s1)c1ccccc1,40.58091045414484,7.391678213567445,nM,PPP2R5A,Q13362,CHEMBL4860,PPP2R5A kinase,254.087769448,4.469400000000003,3,1,24.92,3,3,3,18,0.7456020593403673,0.13333333333333333,1,0,,True,True,True,True,True,True,True,True,True,True,False,,True,False,,True,True,1,0.6374358614040098,6.875812777226534,0.2381642663733415
CHEMBL000585,Cc1cnc(Nc2cc(C(F)(F)F)cc(C3(N)CC3)c2)nc1,67.24641253824298,7.172330879450504,nM,PPP2R5A,Q13362,CHEMBL4860,PPP2R5A kinase,308.12488114000007,3.4952200000000015,4,2,63.83,3,3,2,22,0.9107210731688247,0.3333333333333333,0,0,,True,True,True,True,True,True,True,True,True,True,False,,True,False,,True,True,1,0.5472931125604524,6.284191571450603,0.23622327208870897
CHEMBL000345,Cc1cnc(Nc2cc(C(F)(F)F)cc(C3(N)CC3)c2)nc1,71.10908558863888,7.148074906036454,nM,PPP2R5A,Q13362,CHEMBL4860,PPP2R5A kinase,308.12488114000007,3.4952200000000015,4,2,63.83,3,3,2,22,0.9107210731688247,0.3333333333333333,0,0,,True,True,True,True,True,True,True,True,True,True,False,,True,False,,True,True,1,0.5472931125604524,6.284191571450603,0.23472536178490302
CHEMBL000489,c1ccc2c(c1)nc(Nc1ccc(F)c(Cl)c1)nc2N1CCCC1,7.542934987927738,8.122459635424175,nM,PPP2R5A,Q13362,CHEMBL4860,PPP2R5A kinase,342.104752412,4.7661000000000024,4,1,41.050000000000004,3,4,3,24,0.7442830304115482,0.2222222222222222,0,0,,True,True,True,True,True,True,True,True,True,True,False,,True,False,,True,True,1,0.52858720042804,6.232755665075662,0.23276673544477058
CHEMBL000318,CC(Nc1nc2ccccc2s1)c1ccccc1,51.73095205990307,7.286249528732663,nM,PPP2R5A,Q13362,CHEMBL4860,PPP2R5A kinase,254.087769448,4.469400000000003,3,1,24.92,3,3,3,18,0.7456020593403673,0.13333333333333333,1,0,,True,True,True,True,True,True,True,True,True,True,False,,True,False,,True,True,1,0.6374358614040098,6.875812777226534,0.23195608906294318
CHEMBL000358,CC(Nc1nc2ccccc2s1)c1ccccc1,51.99028037194969,7.284077840507134,nM,PPP2R5A,Q13362,CHEMBL4860,PPP2R5A kinase,254.087769448,4.469400000000003,3,1,24.92,3,3,3,18,0.7456020593403673,0.13333333333333333,1,0,,True,True,True,True,True,True,True,True,True,True,False,,True,False,,True,True,1,0.6374358614040098,6.875812777226534,0.23182820901219497
CHEMBL000451,Brc1cccc(Nc2ncnc3cc4[nH]cnc4cc23)c1,5.851760178941818,8.232713480751856,nM,PPP2R5A,Q13362,CHEMBL4860,PPP2R5A kinase,339.01195742000004,4.012200000000001,4,2,66.49000000000001,2,4,4,21,0.5785608229687814,0.0,0,0,,True,True,True,True,True,True,True,True,True,True,False,,True,False,,True,True,1,0.6592179395508939,6.557634731917809,0.23086455181681195
CHEMBL000532,CNc1cc2c(Nc3cccc(Br)c3)ncnc2cn1,199.12220735651772,6.700880302029025,nM,PPP2R5A,Q13362,CHEMBL4860,PPP2R5A kinase,329.02760748400004,3.572600000000002,5,2,62.730000000000004,3,3,3,20,0.7686164717854101,0.07142857142857142,0,0,,True,True,True,True,True,True,True,True,True,True,False,,True,False,,True,True,1,0.7148416023293548,6.219386215583503,0.22830398107654779
CHEMBL000419,N#Cc1ccc(NC(=O)c2cc3cc(Cl)ccc3[nH]2)cc1,125.52270159193536,6.9012777221151635,nM,PPP2R5A,Q13362,CHEMBL4860,PPP2R5A kinase,295.05123962,3.945280000000002,2,2,68.68,2,3,3,21,0.7514579774465523,0.0,0,0,,True,True,True,True,True,True,True,True,True,True,False,,True,False,,True,True,1,0.687780609051649,6.764400879649226,0.2275900484477507
CHEMBL000357,Cc1ccc(S(=O)(=O)Nc2cccc(C(F)(F)F)c2)cc1,429.5245172361042,6.367012041619792,nM,PPP2R5A,Q13362,CHEMBL4860,PPP2R5A kinase,315.054084284,3.8146200000000023,2,1,46.17,3,2,2,21,0.9358255532078548,0.14285714285714285,0,0,,True,True,True,True,True,True,True,True,True,True,False,,True,False,,True,True,1,0.6492622767164198,6.407172258460072,0.227336134128271
CHEMBL000385,Cc1cnc(Nc2cc(C(F)(F)F)cc(C3(N)CC3)c2)nc1,94.27777410285576,7.025590679714311,nM,PPP2R5A,Q13362,CHEMBL4860,PPP2R5A kinase,308.12488114000007,3.4952200000000015,4,2,63.83,3,3,2,22,0.9107210731688247,0.3333333333333333,0,0,,True,True,True,True,True,True,True,True,True,True,False,,True,False,,True,True,1,0.5472931125604524,6.284191571450603,0.22716143592096044
CHEMBL000328,CC1CCN(c2nc(Nc3ccc(F)c(Cl)c3)c3ncnc(N4CC4)c3n2)CC1,18.35778479612401,7.736179725578232,nM,PPP2R5A,Q13362,CHEMBL4860,PPP2R5A kinase,413.1530995720001,4.012200000000003,7,1,69.84,4,5,3,29,0.6476963579880024,0.4,0,0,,True,True,True,True,True,True,True,True,True,True,False,,True,False,,True,True,1,0.6443368879346218,7.261136334100327,0.22694355068892552
CHEMBL000317,Cc1ccc(S(=O)(=O)Nc2cccc(C(F)(F)F)c2)cc1,462.8072299842243,6.334599865109816,nM,PPP2R5A,Q13362,CHEMBL4860,PPP2R5A kinase,315.054084284,3.8146200000000023,2,1,46.17,3,2,2,21,0.9358255532078548,0.14285714285714285,0,0,,True,True,True,True,True,True,True,True,True,True,False,,True,False,,True,True,1,0.6492622767164198,6.407172258460072,0.2248961612610211
CHEMBL000305,Cc1cnc(Nc2cc(C(F)(F)F)cc(C3(N)CC3)c2)nc1,105.6839227730704,6.975991074963173,nM,PPP2R5A,Q13362,CHEMBL4860,PPP2R5A kinase,308.12488114000007,3.4952200000000015,4,2,63.83,3,3,2,22,0.9107210731688247,0.3333333333333333,0,0,,True,True,True,True,True,True,True,True,True,True,False,,True,False,,True,True,1,0.5472931125604524,6.284191571450603,0.22409844777559929
CHEMBL000337,Cc1ccc(S(=O)(=O)Nc2cccc(C(F)(F)F)c2)cc1,480.92656008905885,6.31792123752051,nM,PPP2R5A,Q13362,CHEMBL4860,PPP2R5A kinase,315.054084284,3.8146200000000023,2,1,46.17,3,2,2,21,0.9358255532078548,0.14285714285714285,0,0,,True,True,True,True,True,True,True,True,True,True,False,,True,False,,True,True,1,0.6492622767164198,6.407172258460072,0.22364060229637253
CHEMBL000353,O=C(c1ccc(Cl)cc1)N1CCN(c2ncnc3ccccc23)CC1,275.3644015153742,6.560092205054859,nM,PPP2R5A,Q13362,CHEMBL4860,PPP2R5A kinase,352.109088844,3.2456000000000014,4,0,49.330000000000005,2,4,3,25,0.7100746986812095,0.21052631578947367,0,0,,True,True,True,True,True,True,True,True,True,True,False,,True,False,,True,True,1,0.7871073204322631,7.278262029139097,0.22248817111948094
CHEMBL000342,CN(C)c1cc2c(Nc3cccc(Br)c3)ncnc2cn1,68.00645602487238,7.167449856663084,nM,PPP2R5A,Q13362,CHEMBL4860,PPP2R5A kinase,343.04325754800004,3.5969000000000015,5,1,53.94,3,3,3,21,0.7868681517234083,0.13333333333333333,0,0,,True,True,True,True,True,True,True,True,True,True,False,,True,False,,True,True,1,0.5941753474933671,6.099311927869296,0.22129896838257176
CHEMBL000308,CC1CCN(c2nc(Nc3ccc(F)c(Cl)c3)c3ncnc(N4CC4)c3n2)CC1,23.952669838119423,7.620646071755057,nM,PPP2R5A,Q13362,CHEMBL4860,PPP2R5A kinase,413.1530995720001,4.012200000000003,7,1,69.84,4,5,3,29,0.6476963579880024,0.4,0,0,,True,True,True,True,True,True,True,True,True,True,False,,True,False,,True,True,1,0.6443368879346218,7.261136334100327,0.2209696955069253
CHEMBL000537,Cc1ccc(S(=O)(=O)Nc2cccc(C(F)(F)F)c2)cc1,598.1819667843293,6.223166683655262,nM,PPP2R5A,Q13362,CHEMBL4860,PPP2R5A kinase,315.054084284,3.8146200000000023,2,1,46.17,3,2,2,21,0.9358255532078548,0.14285714285714285,0,0,,True,True,True,True,True,True,True,True,True,True,False,,True,False,,True,True,0,0.6492622767164198,6.407172258460072,0.2165075256142677
CHEMBL000573,O=C(c1ccc(Cl)cc1)N1CCN(c2ncnc3ccccc23)CC1,337.7931148504558,6.471349206786703,nM,PPP2R5A,Q13362,CHEMBL4860,PPP2R5A kinase,352.109088844,3.2456000000000014,4,0,49.330000000000005,2,4,3,25,0.7100746986812095,0.21052631578947367,0,0,,True,True,True,True,True,True,True,True,True,True,False,,True,False,,True,True,1,0.7871073204322631,7.278262029139097,0.21634300228887826
CHEMBL000439,N#Cc1ccc(NC(=O)c2cc3cc(Cl)ccc3[nH]2)cc1,192.00898344919597,6.7166784516550715,nM,PPP2R5A,Q13362,CHEMBL4860,PPP2R5A kinase,295.05123962,3.945280000000002,2,2,68.68,2,3,3,21,0.7514579774465523,0.0,0,0,,True,True,True,True,True,True,True,True,True,True,False,,True,False,,True,True,1,0.687780609051649,6.764400879649226,0.215769262894572
CHEMBL000329,c1ccc2c(c1)nc(Nc1ccc(F)c(Cl)c1)nc2N1CCCC1,18.091798250878607,7.74251826389642,nM,PPP2R5A,Q13362,CHEMBL4860,PPP2R5A kinase,342.104752412,4.7661000000000024,4,1,41.050000000000004,3,4,3,24,0.7442830304115482,0.2222222222222222,0,0,,True,True,True,True,True,True,True,True,True,True,False,,True,False,,True,True,1,0.52858720042804,6.232755665075662,0.21424707252925462
CHEMBL000423,Brc1cccc(Nc2ncnc3cc4ccccc4cc23)c1,5.528961598744632,8.257356426431533,nM,PPP2R5A,Q13362,CHEMBL4860,PPP2R5A kinase,349.021459484,5.289100000000002,3,1,37.81,2,4,4,22,0.49938282866401273,0.0,0,1,LogP=5.29>5,True,True,True,True,True,True,True,True,True,True,False,,True,False,,True,True,1,0.7047395166995348,7.504472094185115,0.21410485690412623
CHEMBL000518,CC(Nc1nc2ccccc2s1)c1ccccc1,112.46089666084595,6.948998458143839,nM,PPP2R5A,Q13362,CHEMBL4860,PPP2R5A kinase,254.087769448,4.469400000000003,3,1,24.92,3,3,3,18,0.7456020593403673,0.13333333333333333,1,0,,True,True,True,True,True,True,True,True,True,True,False,,True,False,,True,True,1,0.6374358614040098,6.875812777226534,0.21209703032937222
CHEMBL000557,Cc1ccc(S(=O)(=O)Nc2cccc(C(F)(F)F)c2)cc1,706.0529659532556,6.151162718270569,nM,PPP2R5A,Q13362,CHEMBL4860,PPP2R5A kinase,315.054084284,3.8146200000000023,2,1,46.17,3,2,2,21,0.9358255532078548,0.14285714285714285,0,0,,True,True,True,True,True,True,True,True,True,True,False,,True,False,,True,True,0,0.6492622767164198,6.407172258460072,0.21108710215646687
CHEMBL000512,CNc1cc2c(Nc3cccc(Br)c3)ncnc2cn1,361.76127055009005,6.441577929700385,nM,PPP2R5A,Q13362,CHEMBL4860,PPP2R5A kinase,329.02760748400004,3.572600000000002,5,2,62.730000000000004,3,3,3,20,0.7686164717854101,0.07142857142857142,0,0,,True,True,True,True,True,True,True,True,True,True,False,,True,False,,True,True,1,0.7148416023293548,6.219386215583503,0.21065223267044478
CHEMBL000319,N#Cc1ccc(NC(=O)c2cc3cc(Cl)ccc3[nH]2)cc1,248.43603053475948,6.604785418448473,nM,PPP2R5A,Q13362,CHEMBL4860,PPP2R5A kinase,295.05123962,3.945280000000002,2,2,68.68,2,3,3,21,0.7514579774465523,0.0,0,0,,True,True,True,True,True,True,True,True,True,True,False,,True,False,,True,True,1,0.687780609051649,6.764400879649226,0.20860420992803902
CHEMBL000432,CNc1cc2c(Nc3cccc(Br)c3)ncnc2cn1,401.8928239570536,6.395889748333163,nM,PPP2R5A,Q13362,CHEMBL4860,PPP2R5A kinase,329.02760748400004,3.572600000000002,5,2,62.730000000000004,3,3,3,20,0.7686164717854101,0.07142857142857142,0,0,,True,True,True,True,True,True,True,True,True,True,False,,True,False,,True,True,1,0.7148416023293548,6.219386215583503,0.20754205563895786
CHEMBL000548,CC1CCN(c2nc(Nc3ccc(F)c(Cl)c3)c3ncnc(N4CC4)c3n2)CC1,43.982629485958874,7.356718810056963,nM,PPP2R5A,Q13362,CHEMBL4860,PPP2R5A kinase,413.1530995720001,4.012200000000003,7,1,69.84,4,5,3,29,0.6476963579880024,0.4,0,0,,True,True,True,True,True,True,True,True,True,True,False,,True,False,,True,True,1,0.6443368879346218,7.261136334100327,0.20732290785854557
CHEMBL000409,c1ccc2c(c1)nc(Nc1ccc(F)c(Cl)c1)nc2N1CCCC1,26.81277408031204,7.571658251088124,nM,PPP2R5A,Q13362,CHEMBL4860,PPP2R5A kinase,342.104752412,4.7661000000000024,4,1,41.050000000000004,3,4,3,24,0.7442830304115482,0.2222222222222222,0,0,,True,True,True,True,True,True,True,True,True,True,False,,True,False,,True,True,1,0.52858720042804,6.232755665075662,0.20591876168954068
CHEMBL000515,COc1ccc(Nc2ncc3cc(-c4ccc(F)cc4)cc(=O)n3n2)cc1,11.665763326187422,7.9330868387386335,nM,PPP2R5A,Q13362,CHEMBL4860,PPP2R5A kinase,362.11790394,3.647800000000002,5,1,68.52,4,4,4,27,0.6001709199617381,0.05,0,0,,True,True,True,True,True,True,True,True,True,True,False,,True,False,,True,True,1,0.593269650272364,6.505730524649971,0.20231118211918983
CHEMBL000402,CN(C)c1cc2c(Nc3cccc(Br)c3)ncnc2cn1,155.6447407523145,6.807865549577275,nM,PPP2R5A,Q13362,CHEMBL4860,PPP2R5A kinase,343.04325754800004,3.5969000000000015,5,1,53.94,3,3,3,21,0.7868681517234083,0.13333333333333333,0,0,,True,True,True,True,True,True,True,True,True,True,False,,True,False,,True,True,1,0.5941753474933671,6.099311927869296,0.20046945815728195
CHEMBL000528,CC1CCN(c2nc(Nc3ccc(F)c(Cl)c3)c3ncnc(N4CC4)c3n2)CC1,64.6273349815477,7.189583752582223,nM,PPP2R5A,Q13362,CHEMBL4860,PPP2R5A kinase,413.1530995720001,4.012200000000003,7,1,69.84,4,5,3,29,0.6476963579880024,0.4,0,0,,True,True,True,True,True,True,True,True,True,True,False,,True,False,,True,True,1,0.6443368879346218,7.261136334100327,0.19868091830702062
CHEMBL000371,Brc1cccc(Nc2ncnc3cc4[nH]cnc4cc23)c1,28.379357774041782,7.546997436868175,nM,PPP2R5A,Q13362,CHEMBL4860,PPP2R5A kinase,339.01195742000004,4.012200000000001,4,2,66.49000000000001,2,4,4,21,0.5785608229687814,0.0,0,0,,True,True,True,True,True,True,True,True,True,True,False,,True,False,,True,True,1,0.6592179395508939,6.557634731917809,0.19846163676518982
CHEMBL000391,Brc1cccc(Nc2ncnc3cc4[nH]cnc4cc23)c1,28.981525570278563,7.537878757259758,nM,PPP2R5A,Q13362,CHEMBL4860,PPP2R5A kinase,339.01195742000004,4.012200000000001,4,2,66.49000000000001,2,4,4,21,0.5785608229687814,0.0,0,0,,True,True,True,True,True,True,True,True,True,True,False,,True,False,,True,True,1,0.6592179395508939,6.557634731917809,0.1980307414939329
CHEMBL000527,CS(=O)(=O)c1ccc(-c2nc3ccccc3s2)cc1,134.23710578970184,6.872127419992073,nM,PPP2R5A,Q13362,CHEMBL4860,PPP2R5A kinase,289.023120592,3.3668000000000022,4,0,47.03,2,3,3,19,0.7264218540215103,0.07142857142857142,0,0,,True,True,True,True,True,True,True,True,True,True,False,,True,False,,True,True,1,0.617917100656035,6.453039556565482,0.1960383768405339
CHEMBL000398,CC(Nc1nc2ccccc2s1)c1ccccc1,235.40179378061293,6.628190232121073,nM,PPP2R5A,Q13362,CHEMBL4860,PPP2R5A kinase,254.087769448,4.469400000000003,3,1,24.92,3,3,3,18,0.7456020593403673,0.13333333333333333,1,0,,True,True,True,True,True,True,True,True,True,True,False,,True,False,,True,True,1,0.6374358614040098,6.875812777226534,0.19320620993353047
CHEMBL000367,CS(=O)(=O)c1ccc(-c2nc3ccccc3s2)cc1,151.74395487987047,6.818888601172692,nM,PPP2R5A,Q13362,CHEMBL4860,PPP2R5A kinase,289.023120592,3.3668000000000022,4,0,47.03,2,3,3,19,0.7264218540215103,0.07142857142857142,0,0,,True,True,True,True,True,True,True,True,True,True,False,,True,False,,True,True,1,0.617917100656035,6.453039556565482,0.19307757556838903
CHEMBL000465,Cc1cnc(Nc2cc(C(F)(F)F)cc(C3(N)CC3)c2)nc1,339.9808061178004,6.468545600700166,nM,PPP2R5A,Q13362,CHEMBL4860,PPP2R5A kinase,308.12488114000007,3.4952200000000015,4,2,63.83,3,3,2,22,0.9107210731688247,0.3333333333333333,0,0,,True,True,True,True,True,True,True,True,True,True,False,,True,False,,True,True,1,0.5472931125604524,6.284191571450603,0.19276151515520135
CHEMBL000362,CN(C)c1cc2c(Nc3cccc(Br)c3)ncnc2cn1,230.7492099195388,6.636859777314713,nM,PPP2R5A,Q13362,CHEMBL4860,PPP2R5A kinase,343.04325754800004,3.5969000000000015,5,1,53.94,3,3,3,21,0.7868681517234083,0.13333333333333333,0,0,,True,True,True,True,True,True,True,True,True,True,False,,True,False,,True,True,1,0.5941753474933671,6.099311927869296,0.19056366857821502
CHEMBL000303,Brc1cccc(Nc2ncnc3cc4ccccc4cc23)c1,19.250614705862436,7.715555398150197,nM,PPP2R5A,Q13362,CHEMBL4860,PPP2R5A kinase,349.021459484,5.289100000000002,3,1,37.81,2,4,4,22,0.49938282866401273,0.0,0,1,LogP=5.29>5,True,True,True,True,True,True,True,True,True,True,False,,True,False,,True,True,1,0.7047395166995348,7.504472094185115,0.1904802937910964
CHEMBL000410,CC(=O)Nc1ccc(-c2ccc3ncnc(Nc4cccc(Br)c4)c3c2)cc1,13.56993235887172,7.867422317133334,nM,PPP2R5A,Q13362,CHEMBL4860,PPP2R5A kinase,432.0585732640001,5.761300000000003,4,2,66.91,4,4,4,28,0.429491249943932,0.045454545454545456,0,1,LogP=5.76>5,True,True,True,True,True,True,True,True,True,True,False,,True,False,,True,True,1,0.791086061741711,6.672383457284835,0.1902862615591794
CHEMBL000495,COc1ccc(Nc2ncc3cc(-c4ccc(F)cc4)cc(=O)n3n2)cc1,24.639672692840442,7.608365065526987,nM,PPP2R5A,Q13362,CHEMBL4860,PPP2R5A kinase,362.11790394,3.647800000000002,5,1,68.52,4,4,4,27,0.6001709199617381,0.05,0,0,,True,True,True,True,True,True,True,True,True,True,False,,True,False,,True,True,1,0.593269650272364,6.505730524649971,0.18798599768571955
CHEMBL000523,Brc1cccc(Nc2ncnc3cc4ccccc4cc23)c1,22.085233593421766,7.655898002889739,nM,PPP2R5A,Q13362,CHEMBL4860,PPP2R5A kinase,349.021459484,5.289100000000002,3,1,37.81,2,4,4,22,0.49938282866401273,0.0,0,1,LogP=5.29>5,True,True,True,True,True,True,True,True,True,True,False,,True,False,,True,True,1,0.7047395166995348,7.504472094185115,0.18787900692392226
CHEMBL000408,CC1CCN(c2nc(Nc3ccc(F)c(Cl)c3)c3ncnc(N4CC4)c3n2)CC1,104.60598961537865,6.980443447567848,nM,PPP2R5A,Q13362,CHEMBL4860,PPP2R5A kinase,413.1530995720001,4.012200000000003,7,1,69.84,4,5,3,29,0.6476963579880024,0.4,0,0,,True,True,True,True,True,True,True,True,True,True,False,,True,False,,True,True,1,0.6443368879346218,7.261136334100327,0.1878669792206017
CHEMBL000503,Brc1cccc(Nc2ncnc3cc4ccccc4cc23)c1,22.674939917197523,7.644453855035856,nM,PPP2R5A,Q13362,CHEMBL4860,PPP2R5A kinase,349.021459484,5.289100000000002,3,1,37.81,2,4,4,22,0.49938282866401273,0.0,0,1,LogP=5.29>5,True,True,True,True,True,True,True,True,True,True,False,,True,False,,True,True,1,0.7047395166995348,7.504472094185115,0.18737999902409136
CHEMBL000368,CC1CCN(c2nc(Nc3ccc(F)c(Cl)c3)c3ncnc(N4CC4)c3n2)CC1,113.10605426640949,6.9465141478232475,nM,PPP2R5A,Q13362,CHEMBL4860,PPP2R5A kinase,413.1530995720001,4.012200000000003,7,1,69.84,4,5,3,29,0.6476963579880024,0.4,0,0,,True,True,True,True,True,True,True,True,True,True,False,,True,False,,True,True,1,0.6443368879346218,7.261136334100327,0.18611260968070004
CHEMBL000530,CC(=O)Nc1ccc(-c2ccc3ncnc(Nc4cccc(Br)c4)c3c2)cc1,17.462696731625467,7.7578886881660605,nM,PPP2R5A,Q13362,CHEMBL4860,PPP2R5A kinase,432.0585732640001,5.761300000000003,4,2,66.91,4,4,4,28,0.429491249943932,0.045454545454545456,0,1,LogP=5.76>5,True,True,True,True,True,True,True,True,True,True,False,,True,False,,True,True,1,0.791086061741711,6.672383457284835,0.18567534502015845
CHEMBL000508,CC1CCN(c2nc(Nc3ccc(F)c(Cl)c3)c3ncnc(N4CC4)c3n2)CC1,134.03479612233363,6.8727824419172405,nM,PPP2R5A,Q13362,CHEMBL4860,PPP2R5A kinase,413.1530995720001,4.012200000000003,7,1,69.84,4,5,3,29,0.6476963579880024,0.4,0,0,,True,True,True,True,True,True,True,True,True,True,False,,True,False,,True,True,1,0.6443368879346218,7.261136334100327,0.18230019209648302
CHEMBL000559,N#Cc1ccc(NC(=O)c2cc3cc(Cl)ccc3[nH]2)cc1,678.3857571327441,6.168523278769605,nM,PPP2R5A,Q13362,CHEMBL4860,PPP2R5A kinase,295.05123962,3.945280000000002,2,2,68.68,2,3,3,21,0.7514579774465523,0.0,0,0,,True,True,True,True,True,True,True,True,True,True,False,,True,False,,True,True,0,0.687780609051649,6.764400879649226,0.18066823171283988
CHEMBL000407,CS(=O)(=O)c1ccc(-c2nc3ccccc3s2)cc1,259.16074965830006,6.586430772468059,nM,PPP2R5A,Q13362,CHEMBL4860,PPP2R5A kinase,289.023120592,3.3668000000000022,4,0,47.03,2,3,3,19,0.7264218540215103,0.07142857142857142,0,0,,True,True,True,True,True,True,True,True,True,True,False,,True,False,,True,True,1,0.617917100656035,6.453039556565482,0.18014976367827681
CHEMBL000422,CN(C)c1cc2c(Nc3cccc(Br)c3)ncnc2cn1,374.49517163874,6.42655377728139,nM,PPP2R5A,Q13362,CHEMBL4860,PPP2R5A kinase,343.04325754800004,3.5969000000000015,5,1,53.94,3,3,3,21,0.7868681517234083,0.13333333333333333,0,0,,True,True,True,True,True,True,True,True,True,True,False,,True,False,,True,True,1,0.5941753474933671,6.099311927869296,0.17838134890571447
CHEMBL000363,Brc1cccc(Nc2ncnc3cc4ccccc4cc23)c1,39.57604734014733,7.402567583148412,nM,PPP2R5A,Q13362,CHEMBL4860,PPP2R5A kinase,349.021459484,5.289100000000002,3,1,37.81,2,4,4,22,0.49938282866401273,0.0,0,1,LogP=5.29>5,True,True,True,True,True,True,True,True,True,True,False,,True,False,,True,True,1,0.7047395166995348,7.504472094185115,0.17683284758270812
CHEMBL000365,Cc1cnc(Nc2cc(C(F)(F)F)cc(C3(N)CC3)c2)nc1,633.6226708918806,6.1981692921712455,nM,PPP2R5A,Q13362,CHEMBL4860,PPP2R5A kinase,308.12488114000007,3.4952200000000015,4,2,63.83,3,3,2,22,0.9107210731688247,0.3333333333333333,0,0,,True,True,True,True,True,True,True,True,True,True,False,,True,False,,True,True,0,0.5472931125604524,6.284191571450603,0.1760646194447249
CHEMBL000565,Cc1cnc(Nc2cc(C(F)(F)F)cc(C3(N)CC3)c2)nc1,648.8033140086712,6.187886940467672,nM,PPP2R5A,Q13362,CHEMBL4860,PPP2R5A kinase,308.12488114000007,3.4952200000000015,4,2,63.83,3,3,2,22,0.9107210731688247,0.3333333333333333,0,0,,True,True,True,True,True,True,True,True,True,True,False,,True,False,,True,True,0,0.5472931125604524,6.284191571450603,0.17542964016348866
CHEMBL000547,CS(=O)(=O)c1ccc(-c2nc3ccccc3s2)cc1,319.57152789673944,6.495431920935511,nM,PPP2R5A,Q13362,CHEMBL4860,PPP2R5A kinase,289.023120592,3.3668000000000022,4,0,47.03,2,3,3,19,0.7264218540215103,0.07142857142857142,0,0,,True,True,True,True,True,True,True,True,True,True,False,,True,False,,True,True,1,0.617917100656035,6.453039556565482,0.17508899183254206
CHEMBL000333,O=C(c1ccc(Cl)cc1)N1CCN(c2ncnc3ccccc23)CC1,1643.3972929953873,5.784257432731833,nM,PPP2R5A,Q13362,CHEMBL4860,PPP2R5A kinase,352.109088844,3.2456000000000014,4,0,49.330000000000005,2,4,3,25,0.7100746986812095,0.21052631578947367,0,0,,True,True,True,True,True,True,True,True,True,True,False,,True,False,,True,True,0,0.7871073204322631,7.278262029139097,0.16876409425010586
CHEMBL000505,Cc1cnc(Nc2cc(C(F)(F)F)cc(C3(N)CC3)c2)nc1,852.4876098913708,6.069311924352956,nM,PPP2R5A,Q13362,CHEMBL4860,PPP2R5A kinase,308.12488114000007,3.4952200000000015,4,2,63.83,3,3,2,22,0.9107210731688247,0.3333333333333333,0,0,,True,True,True,True,True,True,True,True,True,True,False,,True,False,,True,True,0,0.5472931125604524,6.284191571450603,0.16810712478221326
CHEMBL000339,N#Cc1ccc(NC(=O)c2cc3cc(Cl)ccc3[nH]2)cc1,1110.6745721202863,5.954413170794037,nM,PPP2R5A,Q13362,CHEMBL4860,PPP2R5A kinase,295.05123962,3.945280000000002,2,2,68.68,2,3,3,21,0.7514579774465523,0.0,0,0,,True,True,True,True,True,True,True,True,True,True,False,,True,False,,True,True,0,0.687780609051649,6.764400879649226,0.16695772427237693
CHEMBL000539,N#Cc1ccc(NC(=O)c2cc3cc(Cl)ccc3[nH]2)cc1,1162.3523668480996,5.934662195715276,nM,PPP2R5A,Q13362,CHEMBL4860,PPP2R5A kinase,295.05123962,3.945280000000002,2,2,68.68,2,3,3,21,0.7514579774465523,0.0,0,0,,True,True,True,True,True,True,True,True,True,True,False,,True,False,,True,True,0,0.687780609051649,6.764400879649226,0.16569297365721847
CHEMBL000350,CC(=O)Nc1ccc(-c2ccc3ncnc(Nc4cccc(Br)c4)c3c2)cc1,54.15501140134265,7.266361348397007,nM,PPP2R5A,Q13362,CHEMBL4860,PPP2R5A kinase,432.0585732640001,5.761300000000003,4,2,66.91,4,4,4,28,0.429491249943932,0.045454545454545456,0,1,LogP=5.76>5,True,True,True,True,True,True,True,True,True,True,False,,True,False,,True,True,1,0.791086061741711,6.672383457284835,0.16498405996286106
CHEMBL000463,Brc1cccc(Nc2ncnc3cc4ccccc4cc23)c1,75.68854103486005,7.1209698661013325,nM,PPP2R5A,Q13362,CHEMBL4860,PPP2R5A kinase,349.021459484,5.289100000000002,3,1,37.81,2,4,4,22,0.49938282866401273,0.0,0,1,LogP=5.29>5,True,True,True,True,True,True,True,True,True,True,False,,True,False,,True,True,1,0.7047395166995348,7.504472094185115,0.1645541277361127
CHEMBL000598,CC(Nc1nc2ccccc2s1)c1ccccc1,735.2582227189636,6.133560109885832,nM,PPP2R5A,Q13362,CHEMBL4860,PPP2R5A kinase,254.087769448,4.469400000000003,3,1,24.92,3,3,3,18,0.7456020593403673,0.13333333333333333,1,0,,True,True,True,True,True,True,True,True,True,True,False,,True,False,,True,True,0,0.6374358614040098,6.875812777226534,0.16407987200460192
CHEMBL000483,Brc1cccc(Nc2ncnc3cc4ccccc4cc23)c1,78.48823196020335,7.105195453800834,nM,PPP2R5A,Q13362,CHEMBL4860,PPP2R5A kinase,349.021459484,5.289100000000002,3,1,37.81,2,4,4,22,0.49938282866401273,0.0,0,1,LogP=5.29>5,True,True,True,True,True,True,True,True,True,True,False,,True,False,,True,True,1,0.7047395166995348,7.504472094185115,0.16386630401575875
CHEMBL000510,CC(=O)Nc1ccc(-c2ccc3ncnc(Nc4cccc(Br)c4)c3c2)cc1,62.27514699594793,7.2056852386697585,nM,PPP2R5A,Q13362,CHEMBL4860,PPP2R5A kinase,432.0585732640001,5.761300000000003,4,2,66.91,4,4,4,28,0.429491249943932,0.045454545454545456,0,1,LogP=5.76>5,True,True,True,True,True,True,True,True,True,True,False,,True,False,,True,True,1,0.791086061741711,6.672383457284835,0.16242984459993895
CHEMBL000511,Brc1cccc(Nc2ncnc3cc4[nH]cnc4cc23)c1,188.51988413716106,6.724642835826295,nM,PPP2R5A,Q13362,CHEMBL4860,PPP2R5A kinase,339.01195742000004,4.012200000000001,4,2,66.49000000000001,2,4,4,21,0.5785608229687814,0.0,0,0,,True,True,True,True,True,True,True,True,True,True,False,,True,False,,True,True,1,0.6592179395508939,6.557634731917809,0.15960198557640895
CHEMBL000435,COc1ccc(Nc2ncc3cc(-c4ccc(F)cc4)cc(=O)n3n2)cc1,122.70374824472341,6.911142170629662,nM,PPP2R5A,Q13362,CHEMBL4860,PPP2R5A kinase,362.11790394,3.647800000000002,5,1,68.52,4,4,4,27,0.6001709199617381,0.05,0,0,,True,True,True,True,True,True,True,True,True,True,False,,True,False,,True,True,1,0.593269650272364,6.505730524649971,0.15722783058821363
CHEMBL000535,COc1ccc(Nc2ncc3cc(-c4ccc(F)cc4)cc(=O)n3n2)cc1,134.55566688265387,6.871098006974621,nM,PPP2R5A,Q13362,CHEMBL4860,PPP2R5A kinase,362.11790394,3.647800000000002,5,1,68.52,4,4,4,27,0.6001709199617381,0.05,0,0,,True,True,True,True,True,True,True,True,True,True,False,,True,False,,True,True,1,0.593269650272364,6.505730524649971,0.15546127202280247
CHEMBL000458,CC(Nc1nc2ccccc2s1)c1ccccc1,1072.6893233004537,5.969526041979226,nM,PPP2R5A,Q13362,CHEMBL4860,PPP2R5A kinase,254.087769448,4.469400000000003,3,1,24.92,3,3,3,18,0.7456020593403673,0.13333333333333333,1,0,,True,True,True,True,True,True,True,True,True,True,False,,True,False,,True,True,0,0.6374358614040098,6.875812777226534,0.15442071159578155
CHEMBL000315,COc1ccc(Nc2ncc3cc(-c4ccc(F)cc4)cc(=O)n3n2)cc1,147.3988983177776,6.831505762449138,nM,PPP2R5A,Q13362,CHEMBL4860,PPP2R5A kinase,362.11790394,3.647800000000002,5,1,68.52,4,4,4,27,0.6001709199617381,0.05,0,0,,True,True,True,True,True,True,True,True,True,True,False,,True,False,,True,True,1,0.593269650272364,6.505730524649971,0.15371464998587203
CHEMBL000403,Brc1cccc(Nc2ncnc3cc4ccccc4cc23)c1,134.75010409491904,6.870470890647113,nM,PPP2R5A,Q13362,CHEMBL4860,PPP2R5A kinase,349.021459484,5.289100000000002,3,1,37.81,2,4,4,22,0.49938282866401273,0.0,0,1,LogP=5.29>5,True,True,True,True,True,True,True,True,True,True,False,,True,False,,True,True,1,0.7047395166995348,7.504472094185115,0.15363143001783783
CHEMBL000309,c1ccc2c(c1)nc(Nc1ccc(F)c(Cl)c1)nc2N1CCCC1,318.6316985242446,6.496711021349158,nM,PPP2R5A,Q13362,CHEMBL4860,PPP2R5A kinase,342.104752412,4.7661000000000024,4,1,41.050000000000004,3,4,3,24,0.7442830304115482,0.2222222222222222,0,0,,True,True,True,True,True,True,True,True,True,True,False,,True,False,,True,True,1,0.52858720042804,6.232755665075662,0.15352209778667567
CHEMBL000349,c1ccc2c(c1)nc(Nc1ccc(F)c(Cl)c1)nc2N1CCCC1,331.2613196011856,6.479829272432229,nM,PPP2R5A,Q13362,CHEMBL4860,PPP2R5A kinase,342.104752412,4.7661000000000024,4,1,41.050000000000004,3,4,3,24,0.7442830304115482,0.2222222222222222,0,0,,True,True,True,True,True,True,True,True,True,True,False,,True,False,,True,True,1,0.52858720042804,6.232755665075662,0.15269922267278968
CHEMBL000551,Brc1cccc(Nc2ncnc3cc4[nH]cnc4cc23)c1,271.3412698275628,6.566484146911881,nM,PPP2R5A,Q13362,CHEMBL4860,PPP2R5A kinase,339.01195742000004,4.012200000000001,4,2,66.49000000000001,2,4,4,21,0.5785608229687814,0.0,0,0,,True,True,True,True,True,True,True,True,True,True,False,,True,False,,True,True,1,0.6592179395508939,6.557634731917809,0.15212833433653944
CHEMBL000550,CC(=O)Nc1ccc(-c2ccc3ncnc(Nc4cccc(Br)c4)c3c2)cc1,117.52095684707517,6.92988468120935,nM,PPP2R5A,Q13362,CHEMBL4860,PPP2R5A kinase,432.0585732640001,5.761300000000003,4,2,66.91,4,4,4,28,0.429491249943932,0.045454545454545456,0,1,LogP=5.76>5,True,True,True,True,True,True,True,True,True,True,False,,True,False,,True,True,1,0.791086061741711,6.672383457284835,0.15081977229743762
CHEMBL000590,CC(=O)Nc1ccc(-c2ccc3ncnc(Nc4cccc(Br)c4)c3c2)cc1,123.78004725935062,6.907349355829089,nM,PPP2R5A,Q13362,CHEMBL4860,PPP2R5A kinase,432.0585732640001,5.761300000000003,4,2,66.91,4,4,4,28,0.429491249943932,0.045454545454545456,0,1,LogP=5.76>5,True,True,True,True,True,True,True,True,True,True,False,,True,False,,True,True,1,0.791086061741711,6.672383457284835,0.14987112752516307
CHEMBL000493,O=C(c1ccc(Cl)cc1)N1CCN(c2ncnc3ccccc23)CC1,3104.0328016883664,5.508073698007604,nM,PPP2R5A,Q13362,CHEMBL4860,PPP2R5A kinase,352.109088844,3.2456000000000014,4,0,49.330000000000005,2,4,3,25,0.7100746986812095,0.21052631578947367,0,0,,True,True,True,True,True,True,True,True,True,True,False,,True,False,,True,True,0,0.7871073204322631,7.278262029139097,0.14963925385404053
CHEMBL000517,Cc1ccc(S(=O)(=O)Nc2cccc(C(F)(F)F)c2)cc1,4638.022671287494,5.333667132802173,nM,PPP2R5A,Q13362,CHEMBL4860,PPP2R5A kinase,315.054084284,3.8146200000000023,2,1,46.17,3,2,2,21,0.9358255532078548,0.14285714285714285,0,0,,True,True,True,True,True,True,True,True,True,True,False,,True,False,,True,True,0,0.6492622767164198,6.407172258460072,0.14954643249407795
CHEMBL000597,Cc1ccc(S(=O)(=O)Nc2cccc(C(F)(F)F)c2)cc1,4657.421821709518,5.331854426326538,nM,PPP2R5A,Q13362,CHEMBL4860,PPP2R5A kinase,315.054084284,3.8146200000000023,2,1,46.17,3,2,2,21,0.9358255532078548,0.14285714285714285,0,0,,True,True,True,True,True,True,True,True,True,True,False,,True,False,,True,True,0,0.6492622767164198,6.407172258460072,0.14940997283313925
CHEMBL000370,CC(=O)Nc1ccc(-c2ccc3ncnc(Nc4cccc(Br)c4)c3c2)cc1,145.6245977047863,6.836765261388414,nM,PPP2R5A,Q13362,CHEMBL4860,PPP2R5A kinase,432.0585732640001,5.761300000000003,4,2,66.91,4,4,4,28,0.429491249943932,0.045454545454545456,0,1,LogP=5.76>5,True,True,True,True,True,True,True,True,True,True,False,,True,False,,True,True,1,0.791086061741711,6.672383457284835,0.14689982664234866
CHEMBL000570,CC(=O)Nc1ccc(-c2ccc3ncnc(Nc4cccc(Br)c4)c3c2)cc1,148.7210459715528,6.827627568784328,nM,PPP2R5A,Q13362,CHEMBL4860,PPP2R5A kinase,432.0585732640001,5.761300000000003,4,2,66.91,4,4,4,28,0.429491249943932,0.045454545454545456,0,1,LogP=5.76>5,True,True,True,True,True,True,True,True,True,True,False,,True,False,,True,True,1,0.791086061741711,6.672383457284835,0.14651516726098865
CHEMBL000490,CC(=O)Nc1ccc(-c2ccc3ncnc(Nc4cccc(Br)c4)c3c2)cc1,162.91420819558894,6.7880410380250735,nM,PPP2R5A,Q13362,CHEMBL4860,PPP2R5A kinase,432.0585732640001,5.761300000000003,4,2,66.91,4,4,4,28,0.429491249943932,0.045454545454545456,0,1,LogP=5.76>5,True,True,True,True,True,True,True,True,True,True,False,,True,False,,True,True,1,0.791086061741711,6.672383457284835,0.14484873667595943
CHEMBL000513,O=C(c1ccc(Cl)cc1)N1CCN(c2ncnc3ccccc23)CC1,3642.0465561272495,5.438654506937603,nM,PPP2R5A,Q13362,CHEMBL4860,PPP2R5A kinase,352.109088844,3.2456000000000014,4,0,49.330000000000005,2,4,3,25,0.7100746986812095,0.21052631578947367,0,0,,True,True,True,True,True,True,True,True,True,True,False,,True,False,,True,True,0,0.7871073204322631,7.278262029139097,0.1448321968745142
CHEMBL000443,Brc1cccc(Nc2ncnc3cc4ccccc4cc23)c1,215.6155404164074,6.666319940730817,nM,PPP2R5A,Q13362,CHEMBL4860,PPP2R5A kinase,349.021459484,5.289100000000002,3,1,37.81,2,4,4,22,0.49938282866401273,0.0,0,1,LogP=5.29>5,True,True,True,True,True,True,True,True,True,True,False,,True,False,,True,True,1,0.7047395166995348,7.504472094185115,0.14472968057638394
CHEMBL000330,CC(=O)Nc1ccc(-c2ccc3ncnc(Nc4cccc(Br)c4)c3c2)cc1,165.3370403833239,6.781629840729628,nM,PPP2R5A,Q13362,CHEMBL4860,PPP2R5A kinase,432.0585732640001,5.761300000000003,4,2,66.91,4,4,4,28,0.429491249943932,0.045454545454545456,0,1,LogP=5.76>5,True,True,True,True,True,True,True,True,True,True,False,,True,False,,True,True,1,0.791086061741711,6.672383457284835,0.14457885156466332
CHEMBL000379,N#Cc1ccc(NC(=O)c2cc3cc(Cl)ccc3[nH]2)cc1,2584.9219121332953,5.587552571967272,nM,PPP2R5A,Q13362,CHEMBL4860,PPP2R5A kinase,295.05123962,3.945280000000002,2,2,68.68,2,3,3,21,0.7514579774465523,0.0,0,0,,True,True,True,True,True,True,True,True,True,True,False,,True,False,,True,True,0,0.687780609051649,6.764400879649226,0.14346586292409813
CHEMBL000457,Cc1ccc(S(=O)(=O)Nc2cccc(C(F)(F)F)c2)cc1,5660.613250347802,5.247136516370938,nM,PPP2R5A,Q13362,CHEMBL4860,PPP2R5A kinase,315.054084284,3.8146200000000023,2,1,46.17,3,2,2,21,0.9358255532078548,0.14285714285714285,0,0,,True,True,True,True,True,True,True,True,True,True,False,,True,False,,True,True,0,0.6492622767164198,6.407172258460072,0.1430324498180414
CHEMBL000307,CS(=O)(=O)c1ccc(-c2nc3ccccc3s2)cc1,1222.8046547596564,5.912642916746255,nM,PPP2R5A,Q13362,CHEMBL4860,PPP2R5A kinase,289.023120592,3.3668000000000022,4,0,47.03,2,3,3,19,0.7264218540215103,0.07142857142857142,0,0,,True,True,True,True,True,True,True,True,True,True,False,,True,False,,True,True,0,0.617917100656035,6.453039556565482,0.14267800933404487
CHEMBL000569,c1ccc2c(c1)nc(Nc1ccc(F)c(Cl)c1)nc2N1CCCC1,533.6668495906456,6.272729773938037,nM,PPP2R5A,Q13362,CHEMBL4860,PPP2R5A kinase,342.104752412,4.7661000000000024,4,1,41.050000000000004,3,4,3,24,0.7442830304115482,0.2222222222222222,0,0,,True,True,True,True,True,True,True,True,True,True,False,,True,False,,True,True,0,0.52858720042804,6.232755665075662,0.14260447335222337
CHEMBL000335,COc1ccc(Nc2ncc3cc(-c4ccc(F)cc4)cc(=O)n3n2)cc1,263.38198852576147,6.579413927746792,nM,PPP2R5A,Q13362,CHEMBL4860,PPP2R5A kinase,362.11790394,3.647800000000002,5,1,68.52,4,4,4,27,0.6001709199617381,0.05,0,0,,True,True,True,True,True,True,True,True,True,True,False,,True,False,,True,True,1,0.593269650272364,6.505730524649971,0.14259355394551113
CHEMBL000522,CN(C)c1cc2c(Nc3cccc(Br)c3)ncnc2cn1,1562.9160044238386,5.80606436158123,nM,PPP2R5A,Q13362,CHEMBL4860,PPP2R5A kinase,343.04325754800004,3.5969000000000015,5,1,53.94,3,3,3,21,0.7868681517234083,0.13333333333333333,0,0,,True,True,True,True,True,True,True,True,True,True,False,,True,False,,True,True,0,0.5941753474933671,6.099311927869296,0.14243848272850287
CHEMBL000359,N#Cc1ccc(NC(=O)c2cc3cc(Cl)ccc3[nH]2)cc1,2759.601773168896,5.559153584671515,nM,PPP2R5A,Q13362,CHEMBL4860,PPP2R5A kinase,295.05123962,3.945280000000002,2,2,68.68,2,3,3,21,0.7514579774465523,0.0,0,0,,True,True,True,True,True,True,True,True,True,True,False,,True,False,,True,True,0,0.687780609051649,6.764400879649226,0.14164733819258696
CHEMBL000450,CC(=O)Nc1ccc(-c2ccc3ncnc(Nc4cccc(Br)c4)c3c2)cc1,196.79707803448744,6.705981354090242,nM,PPP2R5A,Q13362,CHEMBL4860,PPP2R5A kinase,432.0585732640001,5.761300000000003,4,2,66.91,4,4,4,28,0.429491249943932,0.045454545454545456,0,1,LogP=5.76>5,True,True,True,True,True,True,True,True,True,True,False,,True,False,,True,True,1,0.791086061741711,6.672383457284835,0.14139436054134785
CHEMBL000545,Cc1cnc(Nc2cc(C(F)(F)F)cc(C3(N)CC3)c2)nc1,2485.094357097657,5.604657116794285,nM,PPP2R5A,Q13362,CHEMBL4860,PPP2R5A kinase,308.12488114000007,3.4952200000000015,4,2,63.83,3,3,2,22,0.9107210731688247,0.3333333333333333,0,0,,True,True,True,True,True,True,True,True,True,True,False,,True,False,,True,True,0,0.5472931125604524,6.284191571450603,0.139412699204061
CHEMBL000462,CN(C)c1cc2c(Nc3cccc(Br)c3)ncnc2cn1,1776.5942901738642,5.750411738011121,nM,PPP2R5A,Q13362,CHEMBL4860,PPP2R5A kinase,343.04325754800004,3.5969000000000015,5,1,53.94,3,3,3,21,0.7868681517234083,0.13333333333333333,0,0,,True,True,True,True,True,True,True,True,True,True,False,,True,False,,True,True,0,0.5941753474933671,6.099311927869296,0.13921471331233326
CHEMBL000448,CC1CCN(c2nc(Nc3ccc(F)c(Cl)c3)c3ncnc(N4CC4)c3n2)CC1,934.975812574977,6.029199623994959,nM,PPP2R5A,Q13362,CHEMBL4860,PPP2R5A kinase,413.1530995720001,4.012200000000003,7,1,69.84,4,5,3,29,0.6476963579880024,0.4,0,0,,True,True,True,True,True,True,True,True,True,True,False,,True,False,,True,True,0,0.6443368879346218,7.261136334100327,0.13868137263108068
CHEMBL000468,CC1CCN(c2nc(Nc3ccc(F)c(Cl)c3)c3ncnc(N4CC4)c3n2)CC1,990.265665424609,6.004248278584209,nM,PPP2R5A,Q13362,CHEMBL4860,PPP2R5A kinase,413.1530995720001,4.012200000000003,7,1,69.84,4,5,3,29,0.6476963579880024,0.4,0,0,,True,True,True,True,True,True,True,True,True,True,False,,True,False,,True,True,0,0.6443368879346218,7.261136334100327,0.13739122279899785
CHEMBL000475,COc1ccc(Nc2ncc3cc(-c4ccc(F)cc4)cc(=O)n3n2)cc1,374.58817145308285,6.426445940665432,nM,PPP2R5A,Q13362,CHEMBL4860,PPP2R5A kinase,362.11790394,3.647800000000002,5,1,68.52,4,4,4,27,0.6001709199617381,0.05,0,0,,True,True,True,True,True,True,True,True,True,True,False,,True,False,,True,True,1,0.593269650272364,6.505730524649971,0.13584533190396375
CHEMBL000452,CNc1cc2c(Nc3cccc(Br)c3)ncnc2cn1,4770.776479940784,5.321410930496684,nM,PPP2R5A,Q13362,CHEMBL4860,PPP2R5A kinase,329.02760748400004,3.572600000000002,5,2,62.730000000000004,3,3,3,20,0.7686164717854101,0.07142857142857142,0,0,,True,True,True,True,True,True,True,True,True,True,False,,True,False,,True,True,0,0.7148416023293548,6.219386215583503,0.1343979899298386
CHEMBL000310,CC(=O)Nc1ccc(-c2ccc3ncnc(Nc4cccc(Br)c4)c3c2)cc1,336.1412454354571,6.47347819515917,nM,PPP2R5A,Q13362,CHEMBL4860,PPP2R5A kinase,432.0585732640001,5.761300000000003,4,2,66.91,4,4,4,28,0.429491249943932,0.045454545454545456,0,1,LogP=5.76>5,True,True,True,True,True,True,True,True,True,True,False,,True,False,,True,True,1,0.791086061741711,6.672383457284835,0.13160693113726768
CHEMBL000591,Brc1cccc(Nc2ncnc3cc4[nH]cnc4cc23)c1,825.0612114714905,6.083513829852325,nM,PPP2R5A,Q13362,CHEMBL4860,PPP2R5A kinase,339.01195742000004,4.012200000000001,4,2,66.49000000000001,2,4,4,21,0.5785608229687814,0.0,0,0,,True,True,True,True,True,True,True,True,True,True,False,,True,False,,True,True,0,0.6592179395508939,6.557634731917809,0.12930599220859232
CHEMBL000563,Brc1cccc(Nc2ncnc3cc4ccccc4cc23)c1,488.69207726627,6.310964701748238,nM,PPP2R5A,Q13362,CHEMBL4860,PPP2R5A kinase,349.021459484,5.289100000000002,3,1,37.81,2,4,4,22,0.49938282866401273,0.0,0,1,LogP=5.29>5,True,True,True,True,True,True,True,True,True,True,False,,True,False,,True,True,1,0.7047395166995348,7.504472094185115,0.1292348552942686
CHEMBL000322,CN(C)c1cc2c(Nc3cccc(Br)c3)ncnc2cn1,2675.0445852545754,5.572668975149791,nM,PPP2R5A,Q13362,CHEMBL4860,PPP2R5A kinase,343.04325754800004,3.5969000000000015,5,1,53.94,3,3,3,21,0.7868681517234083,0.13333333333333333,0,0,,True,True,True,True,True,True,True,True,True,True,False,,True,False,,True,True,0,0.5941753474933671,6.099311927869296,0.12891867251317832
CHEMBL000470,CC(=O)Nc1ccc(-c2ccc3ncnc(Nc4cccc(Br)c4)c3c2)cc1,409.8052763229869,6.387422454272534,nM,PPP2R5A,Q13362,CHEMBL4860,PPP2R5A kinase,432.0585732640001,5.761300000000003,4,2,66.91,4,4,4,28,0.429491249943932,0.045454545454545456,0,1,LogP=5.76>5,True,True,True,True,True,True,True,True,True,True,False,,True,False,,True,True,1,0.791086061741711,6.672383457284835,0.12798433739438672
CHEMBL000469,c1ccc2c(c1)nc(Nc1ccc(F)c(Cl)c1)nc2N1CCCC1,1158.0501334848723,5.93627263903298,nM,PPP2R5A,Q13362,CHEMBL4860,PPP2R5A kinase,342.104752412,4.7661000000000024,4,1,41.050000000000004,3,4,3,24,0.7442830304115482,0.2222222222222222,0,0,,True,True,True,True,True,True,True,True,True,True,False,,True,False,,True,True,0,0.52858720042804,6.232755665075662,0.1262043832569894
CHEMBL000389,c1ccc2c(c1)nc(Nc1ccc(F)c(Cl)c1)nc2N1CCCC1,1162.399684715149,5.9346445165063955,nM,PPP2R5A,Q13362,CHEMBL4860,PPP2R5A kinase,342.104752412,4.7661000000000024,4,1,41.050000000000004,3,4,3,24,0.7442830304115482,0.2222222222222222,0,0,,True,True,True,True,True,True,True,True,True,True,False,,True,False,,True,True,0,0.52858720042804,6.232755665075662,0.12612502290658517
CHEMBL000498,CC(Nc1nc2ccccc2s1)c1ccccc1,3261.5750787891793,5.486572619922864,nM,PPP2R5A,Q13362,CHEMBL4860,PPP2R5A kinase,254.087769448,4.469400000000003,3,1,24.92,3,3,3,18,0.7456020593403673,0.13333333333333333,1,0,,True,True,True,True,True,True,True,True,True,True,False,,True,False,,True,True,0,0.6374358614040098,6.875812777226534,0.1259819571762598
CHEMBL000555,COc1ccc(Nc2ncc3cc(-c4ccc(F)cc4)cc(=O)n3n2)cc1,657.3784290013206,6.182184550816299,nM,PPP2R5A,Q13362,CHEMBL4860,PPP2R5A kinase,362.11790394,3.647800000000002,5,1,68.52,4,4,4,27,0.6001709199617381,0.05,0,0,,True,True,True,True,True,True,True,True,True,True,False,,True,False,,True,True,0,0.593269650272364,6.505730524649971,0.1250696779496353
CHEMBL000549,c1ccc2c(c1)nc(Nc1ccc(F)c(Cl)c1)nc2N1CCCC1,1276.373503697287,5.894022219926269,nM,PPP2R5A,Q13362,CHEMBL4860,PPP2R5A kinase,342.104752412,4.7661000000000024,4,1,41.050000000000004,3,4,3,24,0.7442830304115482,0.2222222222222222,0,0,,True,True,True,True,True,True,True,True,True,True,False,,True,False,,True,True,0,0.52858720042804,6.232755665075662,0.12414495099050772
CHEMBL000348,CC1CCN(c2nc(Nc3ccc(F)c(Cl)c3)c3ncnc(N4CC4)c3n2)CC1,1895.249243143152,5.722333668121346,nM,PPP2R5A,Q13362,CHEMBL4860,PPP2R5A kinase,413.1530995720001,4.012200000000003,7,1,69.84,4,5,3,29,0.6476963579880024,0.4,0,0,,True,True,True,True,True,True,True,True,True,True,False,,True,False,,True,True,0,0.6443368879346218,7.261136334100327,0.12281437007370712
CHEMBL000395,COc1ccc(Nc2ncc3cc(-c4ccc(F)cc4)cc(=O)n3n2)cc1,801.2415790270211,6.096236521842942,nM,PPP2R5A,Q13362,CHEMBL4860,PPP2R5A kinase,362.11790394,3.647800000000002,5,1,68.52,4,4,4,27,0.6001709199617381,0.05,0,0,,True,True,True,True,True,True,True,True,True,True,False,,True,False,,True,True,0,0.593269650272364,6.505730524649971,0.12127805857481103
CHEMBL000587,CS(=O)(=O)c1ccc(-c2nc3ccccc3s2)cc1,2983.778320921755,5.525233445802812,nM,PPP2R5A,Q13362,CHEMBL4860,PPP2R5A kinase,289.023120592,3.3668000000000022,4,0,47.03,2,3,3,19,0.7264218540215103,0.07142857142857142,0,0,,True,True,True,True,True,True,True,True,True,True,False,,True,False,,True,True,0,0.617917100656035,6.453039556565482,0.12113278200092506
CHEMBL000507,CS(=O)(=O)c1ccc(-c2nc3ccccc3s2)cc1,3133.18583551664,5.504013845480276,nM,PPP2R5A,Q13362,CHEMBL4860,PPP2R5A kinase,289.023120592,3.3668000000000022,4,0,47.03,2,3,3,19,0.7264218540215103,0.07142857142857142,0,0,,True,True,True,True,True,True,True,True,True,True,False,,True,False,,True,True,0,0.617917100656035,6.453039556565482,0.1199526840757153
CHEMBL000595,COc1ccc(Nc2ncc3cc(-c4ccc(F)cc4)cc(=O)n3n2)cc1,922.6236827460264,6.03497540171788,nM,PPP2R5A,Q13362,CHEMBL4860,PPP2R5A kinase,362.11790394,3.647800000000002,5,1,68.52,4,4,4,27,0.6001709199617381,0.05,0,0,,True,True,True,True,True,True,True,True,True,True,False,,True,False,,True,True,0,0.593269650272364,6.505730524649971,0.11857550852492411
CHEMBL000343,Brc1cccc(Nc2ncnc3cc4ccccc4cc23)c1,912.8822505873866,6.039585236943305,nM,PPP2R5A,Q13362,CHEMBL4860,PPP2R5A kinase,349.021459484,5.289100000000002,3,1,37.81,2,4,4,22,0.49938282866401273,0.0,0,1,LogP=5.29>5,True,True,True,True,True,True,True,True,True,True,False,,True,False,,True,True,0,0.7047395166995348,7.504472094185115,0.11740168968695762
CHEMBL000383,Brc1cccc(Nc2ncnc3cc4ccccc4cc23)c1,974.1650233873246,6.011367467478858,nM,PPP2R5A,Q13362,CHEMBL4860,PPP2R5A kinase,349.021459484,5.289100000000002,3,1,37.81,2,4,4,22,0.49938282866401273,0.0,0,1,LogP=5.29>5,True,True,True,True,True,True,True,True,True,True,False,,True,False,,True,True,0,0.7047395166995348,7.504472094185115,0.1161712887817833
CHEMBL000447,CS(=O)(=O)c1ccc(-c2nc3ccccc3s2)cc1,4072.1116727198914,5.390180320508967,nM,PPP2R5A,Q13362,CHEMBL4860,PPP2R5A kinase,289.023120592,3.3668000000000022,4,0,47.03,2,3,3,19,0.7264218540215103,0.07142857142857142,0,0,,True,True,True,True,True,True,True,True,True,True,False,,True,False,,True,True,0,0.617917100656035,6.453039556565482,0.1136219943079495
CHEMBL000533,O=C(c1ccc(Cl)cc1)N1CCN(c2ncnc3ccccc23)CC1,10387.817227087935,4.983475700356315,nM,PPP2R5A,Q13362,CHEMBL4860,PPP2R5A kinase,352.109088844,3.2456000000000014,4,0,49.330000000000005,2,4,3,25,0.7100746986812095,0.21052631578947367,0,0,,True,True,True,True,True,True,True,True,True,True,False,,True,False,,True,True,0,0.7871073204322631,7.278262029139097,0.11331252017729361
CHEMBL000369,c1ccc2c(c1)nc(Nc1ccc(F)c(Cl)c1)nc2N1CCCC1,2288.309037355822,5.6404853242168,nM,PPP2R5A,Q13362,CHEMBL4860,PPP2R5A kinase,342.104752412,4.7661000000000024,4,1,41.050000000000004,3,4,3,24,0.7442830304115482,0.2222222222222222,0,0,,True,True,True,True,True,True,True,True,True,True,False,,True,False,,True,True,0,0.52858720042804,6.232755665075662,0.111786681538815
CHEMBL000567,CS(=O)(=O)c1ccc(-c2nc3ccccc3s2)cc1,5153.822609223772,5.287870533623893,nM,PPP2R5A,Q13362,CHEMBL4860,PPP2R5A kinase,289.023120592,3.3668000000000022,4,0,47.03,2,3,3,19,0.7264218540215103,0.07142857142857142,0,0,,True,True,True,True,True,True,True,True,True,True,False,,True,False,,True,True,0,0.617917100656035,6.453039556565482,0.10793218086205227
CHEMBL000509,c1ccc2c(c1)nc(Nc1ccc(F)c(Cl)c1)nc2N1CCCC1,2795.2790823907326,5.553574825383443,nM,PPP2R5A,Q13362,CHEMBL4860,PPP2R5A kinase,342.104752412,4.7661000000000024,4,1,41.050000000000004,3,4,3,24,0.7442830304115482,0.2222222222222222,0,0,,True,True,True,True,True,True,True,True,True,True,False,,True,False,,True,True,0,0.52858720042804,6.232755665075662,0.1075503617725809
CHEMBL000459,N#Cc1ccc(NC(=O)c2cc3cc(Cl)ccc3[nH]2)cc1,9926.972959390014,5.003183161116727,nM,PPP2R5A,Q13362,CHEMBL4860,PPP2R5A kinase,295.05123962,3.945280000000002,2,2,68.68,2,3,3,21,0.7514579774465523,0.0,0,0,,True,True,True,True,True,True,True,True,True,True,False,,True,False,,True,True,0,0.687780609051649,6.764400879649226,0.10604585865059787
CHEMBL000589,c1ccc2c(c1)nc(Nc1ccc(F)c(Cl)c1)nc2N1CCCC1,3048.7775574507114,5.515874261136699,nM,PPP2R5A,Q13362,CHEMBL4860,PPP2R5A kinase,342.104752412,4.7661000000000024,4,1,41.050000000000004,3,4,3,24,0.7442830304115482,0.2222222222222222,0,0,,True,True,True,True,True,True,True,True,True,True,False,,True,False,,True,True,0,0.52858720042804,6.232755665075662,0.10571270524476725
CHEMBL000437,Cc1ccc(S(=O)(=O)Nc2cccc(C(F)(F)F)c2)cc1,18627.397715121955,4.729847812677663,nM,PPP2R5A,Q13362,CHEMBL4860,PPP2R5A kinase,315.054084284,3.8146200000000023,2,1,46.17,3,2,2,21,0.9358255532078548,0.14285714285714285,0,0,,True,True,True,True,True,True,True,True,True,True,False,,True,False,,True,True,0,0.6492622767164198,6.407172258460072,0.10409120805484176
CHEMBL000415,COc1ccc(Nc2ncc3cc(-c4ccc(F)cc4)cc(=O)n3n2)cc1,2102.4699866326996,5.677270195165169,nM,PPP2R5A,Q13362,CHEMBL4860,PPP2R5A kinase,362.11790394,3.647800000000002,5,1,68.52,4,4,4,27,0.6001709199617381,0.05,0,0,,True,True,True,True,True,True,True,True,True,True,False,,True,False,,True,True,0,0.593269650272364,6.505730524649971,0.10279525145746743
CHEMBL000529,c1ccc2c(c1)nc(Nc1ccc(F)c(Cl)c1)nc2N1CCCC1,3601.4296660051386,5.443525062343387,nM,PPP2R5A,Q13362,CHEMBL4860,PPP2R5A kinase,342.104752412,4.7661000000000024,4,1,41.050000000000004,3,4,3,24,0.7442830304115482,0.2222222222222222,0,0,,True,True,True,True,True,True,True,True,True,True,False,,True,False,,True,True,0,0.52858720042804,6.232755665075662,0.1021861538495557
CHEMBL000487,CS(=O)(=O)c1ccc(-c2nc3ccccc3s2)cc1,6642.35381793826,5.177677994578407,nM,PPP2R5A,Q13362,CHEMBL4860,PPP2R5A kinase,289.023120592,3.3668000000000022,4,0,47.03,2,3,3,19,0.7264218540215103,0.07142857142857142,0,0,,True,True,True,True,True,True,True,True,True,True,False,,True,False,,True,True,0,0.617917100656035,6.453039556565482,0.10180397935379522
CHEMBL000375,COc1ccc(Nc2ncc3cc(-c4ccc(F)cc4)cc(=O)n3n2)cc1,2243.9922068737615,5.648978655667926,nM,PPP2R5A,Q13362,CHEMBL4860,PPP2R5A kinase,362.11790394,3.647800000000002,5,1,68.52,4,4,4,27,0.6001709199617381,0.05,0,0,,True,True,True,True,True,True,True,True,True,True,False,,True,False,,True,True,0,0.593269650272364,6.505730524649971,0.10154716292556394
CHEMBL000325,Cc1cnc(Nc2cc(C(F)(F)F)cc(C3(N)CC3)c2)nc1,10502.263710855252,4.978717080818401,nM,PPP2R5A,Q13362,CHEMBL4860,PPP2R5A kinase,308.12488114000007,3.4952200000000015,4,2,63.83,3,3,2,22,0.9107210731688247,0.3333333333333333,0,0,,True,True,True,True,True,True,True,True,True,True,False,,True,False,,True,True,0,0.5472931125604524,6.284191571450603,0.10075821960647709
CHEMBL000392,CNc1cc2c(Nc3cccc(Br)c3)ncnc2cn1,15147.808654814107,4.819650189469037,nM,PPP2R5A,Q13362,CHEMBL4860,PPP2R5A kinase,329.02760748400004,3.572600000000002,5,2,62.730000000000004,3,3,3,20,0.7686164717854101,0.07142857142857142,0,0,,True,True,True,True,True,True,True,True,True,True,False,,True,False,,True,True,0,0.7148416023293548,6.219386215583503,0.10024113173706221
CHEMBL000455,COc1ccc(Nc2ncc3cc(-c4ccc(F)cc4)cc(=O)n3n2)cc1,2450.807769161699,5.610690751606484,nM,PPP2R5A,Q13362,CHEMBL4860,PPP2R5A kinase,362.11790394,3.647800000000002,5,1,68.52,4,4,4,27,0.6001709199617381,0.05,0,0,,True,True,True,True,True,True,True,True,True,True,False,,True,False,,True,True,0,0.593269650272364,6.505730524649971,0.09985808220323833
CHEMBL000331,Brc1cccc(Nc2ncnc3cc4[nH]cnc4cc23)c1,3514.6457443514482,5.454118442771253,nM,PPP2R5A,Q13362,CHEMBL4860,PPP2R5A kinase,339.01195742000004,4.012200000000001,4,2,66.49000000000001,2,4,4,21,0.5785608229687814,0.0,0,0,,True,True,True,True,True,True,True,True,True,True,False,,True,False,,True,True,0,0.6592179395508939,6.557634731917809,0.09956446079281248
CHEMBL000449,c1ccc2c(c1)nc(Nc1ccc(F)c(Cl)c1)nc2N1CCCC1,6149.2235653001835,5.211179717166573,nM,PPP2R5A,Q13362,CHEMBL4860,PPP2R5A kinase,342.104752412,4.7661000000000024,4,1,41.050000000000004,3,4,3,24,0.7442830304115482,0.2222222222222222,0,0,,True,True,True,True,True,True,True,True,True,True,False,,True,False,,True,True,0,0.52858720042804,6.232755665075662,0.09086083422099965
CHEMBL000390,CC(=O)Nc1ccc(-c2ccc3ncnc(Nc4cccc(Br)c4)c3c2)cc1,3528.7590667113645,5.452377992977463,nM,PPP2R5A,Q13362,CHEMBL4860,PPP2R5A kinase,432.0585732640001,5.761300000000003,4,2,66.91,4,4,4,28,0.429491249943932,0.045454545454545456,0,1,LogP=5.76>5,True,True,True,True,True,True,True,True,True,True,False,,True,False,,True,True,0,0.791086061741711,6.672383457284835,0.08862280055903222
CHEMBL000499,N#Cc1ccc(NC(=O)c2cc3cc(Cl)ccc3[nH]2)cc1,18801.807263949428,4.725800403553496,nM,PPP2R5A,Q13362,CHEMBL4860,PPP2R5A kinase,295.05123962,3.945280000000002,2,2,68.68,2,3,3,21,0.7514579774465523,0.0,0,0,,True,True,True,True,True,True,True,True,True,True,False,,True,False,,True,True,0,0.687780609051649,6.764400879649226,0.08828369694144225
CHEMBL000355,COc1ccc(Nc2ncc3cc(-c4ccc(F)cc4)cc(=O)n3n2)cc1,5055.848444707215,5.296205953043287,nM,PPP2R5A,Q13362,CHEMBL4860,PPP2R5A kinase,362.11790394,3.647800000000002,5,1,68.52,4,4,4,27,0.6001709199617381,0.05,0,0,,True,True,True,True,True,True,True,True,True,True,False,,True,False,,True,True,0,0.593269650272364,6.505730524649971,0.08598450453586015
CHEMBL000411,Brc1cccc(Nc2ncnc3cc4[nH]cnc4cc23)c1,7708.380387484342,5.113036862243196,nM,PPP2R5A,Q13362,CHEMBL4860,PPP2R5A kinase,339.01195742000004,4.012200000000001,4,2,66.49000000000001,2,4,4,21,0.5785608229687814,0.0,0,0,,True,True,True,True,True,True,True,True,True,True,False,,True,False,,True,True,0,0.6592179395508939,6.557634731917809,0.08344694746043024
CHEMBL000485,Cc1cnc(Nc2cc(C(F)(F)F)cc(C3(N)CC3)c2)nc1,21546.690051765043,4.666619435603488,nM,PPP2R5A,Q13362,CHEMBL4860,PPP2R5A kinase,308.12488114000007,3.4952200000000015,4,2,63.83,3,3,2,22,0.9107210731688247,0.3333333333333333,0,0,,True,True,True,True,True,True,True,True,True,True,False,,True,False,,True,True,0,0.5472931125604524,6.284191571450603,0.08148485256484778
CHEMBL000472,CNc1cc2c(Nc3cccc(Br)c3)ncnc2cn1,29702.061521231524,4.527213406702171,nM,PPP2R5A,Q13362,CHEMBL4860,PPP2R5A kinase,329.02760748400004,3.572600000000002,5,2,62.730000000000004,3,3,3,20,0.7686164717854101,0.07142857142857142,0,0,,True,True,True,True,True,True,True,True,True,True,False,,True,False,,True,True,0,0.7148416023293548,6.219386215583503,0.08033379163934579
CHEMBL000502,CN(C)c1cc2c(Nc3cccc(Br)c3)ncnc2cn1,19854.152836053683,4.702148639271288,nM,PPP2R5A,Q13362,CHEMBL4860,PPP2R5A kinase,343.04325754800004,3.5969000000000015,5,1,53.94,3,3,3,21,0.7868681517234083,0.13333333333333333,0,0,,True,True,True,True,True,True,True,True,True,True,False,,True,False,,True,True,0,0.5941753474933671,6.099311927869296,0.07849235556832622
CHEMBL000412,CNc1cc2c(Nc3cccc(Br)c3)ncnc2cn1,31708.175705929836,4.498828743896566,nM,PPP2R5A,Q13362,CHEMBL4860,PPP2R5A kinase,329.02760748400004,3.572600000000002,5,2,62.730000000000004,3,3,3,20,0.7686164717854101,0.07142857142857142,0,0,,True,True,True,True,True,True,True,True,True,True,False,,True,False,,True,True,0,0.7148416023293548,6.219386215583503,0.07840153424448634
CHEMBL000347,CS(=O)(=O)c1ccc(-c2nc3ccccc3s2)cc1,20473.6682383081,4.688804338435167,nM,PPP2R5A,Q13362,CHEMBL4860,PPP2R5A kinase,289.023120592,3.3668000000000022,4,0,47.03,2,3,3,19,0.7264218540215103,0.07142857142857142,0,0,,True,True,True,True,True,True,True,True,True,True,False,,True,False,,True,True,0,0.617917100656035,6.453039556565482,0.0746159655111569
CHEMBL000578,CC(Nc1nc2ccccc2s1)c1ccccc1,26174.55872479206,4.582120631330238,nM,PPP2R5A,Q13362,CHEMBL4860,PPP2R5A kinase,254.087769448,4.469400000000003,3,1,24.92,3,3,3,18,0.7456020593403673,0.13333333333333333,1,0,,True,True,True,True,True,True,True,True,True,True,False,,True,False,,True,True,0,0.6374358614040098,6.875812777226534,0.0727232228695132
CHEMBL000430,CC(=O)Nc1ccc(-c2ccc3ncnc(Nc4cccc(Br)c4)c3c2)cc1,9438.169422439018,5.025112231001337,nM,PPP2R5A,Q13362,CHEMBL4860,PPP2R5A kinase,432.0585732640001,5.761300000000003,4,2,66.91,4,4,4,28,0.429491249943932,0.045454545454545456,0,1,LogP=5.76>5,True,True,True,True,True,True,True,True,True,True,False,,True,False,,True,True,0,0.791086061741711,6.672383457284835,0.07063666436480703
CHEMBL000482,CN(C)c1cc2c(Nc3cccc(Br)c3)ncnc2cn1,40707.03591796654,4.3903305196136415,nM,PPP2R5A,Q13362,CHEMBL4860,PPP2R5A kinase,343.04325754800004,3.5969000000000015,5,1,53.94,3,3,3,21,0.7868681517234083,0.13333333333333333,0,0,,True,True,True,True,True,True,True,True,True,True,False,,True,False,,True,True,0,0.5941753474933671,6.099311927869296,0.0604297800224761
CHEMBL000438,CC(Nc1nc2ccccc2s1)c1ccccc1,56894.94200048772,4.244926340967268,nM,PPP2R5A,Q13362,CHEMBL4860,PPP2R5A kinase,254.087769448,4.469400000000003,3,1,24.92,3,3,3,18,0.7456020593403673,0.13333333333333333,1,0,,True,True,True,True,True,True,True,True,True,True,False,,True,False,,True,True,0,0.6374358614040098,6.875812777226534,0.052867507644498594
CHEMBL000525,Cc1cnc(Nc2cc(C(F)(F)F)cc(C3(N)CC3)c2)nc1,80783.5903365736,4.0926768490032215,nM,PPP2R5A,Q13362,CHEMBL4860,PPP2R5A kinase,308.12488114000007,3.4952200000000015,4,2,63.83,3,3,2,22,0.9107210731688247,0.3333333333333333,0,0,,True,True,True,True,True,True,True,True,True,True,False,,True,False,,True,True,0,0.5472931125604524,6.284191571450603,0.04604143829380517
CHEMBL000531,Brc1cccc(Nc2ncnc3cc4[nH]cnc4cc23)c1,49235.697346907466,4.30771990659656,nM,PPP2R5A,Q13362,CHEMBL4860,PPP2R5A kinase,339.01195742000004,4.012200000000001,4,2,66.49000000000001,2,4,4,21,0.5785608229687814,0.0,0,0,,True,True,True,True,True,True,True,True,True,True,False,,True,False,,True,True,0,0.6592179395508939,6.557634731917809,0.045392395381326035
CHEMBL000429,c1ccc2c(c1)nc(Nc1ccc(F)c(Cl)c1)nc2N1CCCC1,68882.5521430341,4.1618907703653285,nM,PPP2R5A,Q13362,CHEMBL4860,PPP2R5A kinase,342.104752412,4.7661000000000024,4,1,41.050000000000004,3,4,3,24,0.7442830304115482,0.2222222222222222,0,0,,True,True,True,True,True,True,True,True,True,True,False,,True,False,,True,True,0,0.52858720042804,6.232755665075662,0.03971484420259953
CHEMBL000568,CC1CCN(c2nc(Nc3ccc(F)c(Cl)c3)c3ncnc(N4CC4)c3n2)CC1,101435.01121092298,3.993812118461216,nM,PPP2R5A,Q13362,CHEMBL4860,PPP2R5A kinase,413.1530995720001,4.012200000000003,7,1,69.84,4,5,3,29,0.6476963579880024,0.4,0,0,,True,True,True,True,True,True,True,True,True,True,False,,True,False,,True,True,0,0.6443368879346218,7.261136334100327,0.03343835646264185
CHEMBL000442,CN(C)c1cc2c(Nc3cccc(Br)c3)ncnc2cn1,200061.32926665826,3.698836849940185,nM,PPP2R5A,Q13362,CHEMBL4860,PPP2R5A kinase,343.04325754800004,3.5969000000000015,5,1,53.94,3,3,3,21,0.7868681517234083,0.13333333333333333,0,0,,True,True,True,True,True,True,True,True,True,True,False,,True,False,,True,True,0,0.5941753474933671,6.099311927869296,0.020373876081848062
CHEMBL000431,Brc1cccc(Nc2ncnc3cc4[nH]cnc4cc23)c1,181488.1470569484,3.7411517333598487,nM,PPP2R5A,Q13362,CHEMBL4860,PPP2R5A kinase,339.01195742000004,4.012200000000001,4,2,66.49000000000001,2,4,4,21,0.5785608229687814,0.0,0,0,,True,True,True,True,True,True,True,True,True,True,False,,True,False,,True,True,0,0.6592179395508939,6.557634731917809,0.018619709293415228
CHEMBL000382,CN(C)c1cc2c(Nc3cccc(Br)c3)ncnc2cn1,243132.81952084086,3.6141564135352895,nM,PPP2R5A,Q13362,CHEMBL4860,PPP2R5A kinase,343.04325754800004,3.5969000000000015,5,1,53.94,3,3,3,21,0.7868681517234083,0.13333333333333333,0,0,,True,True,True,True,True,True,True,True,True,True,False,,True,False,,True,True,0,0.5941753474933671,6.099311927869296,0.015468623040433052
CHEMBL000575,COc1ccc(Nc2ncc3cc(-c4ccc(F)cc4)cc(=O)n3n2)cc1,328626.78911371424,3.483297036488172,nM,PPP2R5A,Q13362,CHEMBL4860,PPP2R5A kinase,362.11790394,3.647800000000002,5,1,68.52,4,4,4,27,0.6001709199617381,0.05,0,0,,True,True,True,True,True,True,True,True,True,True,False,,True,False,,True,True,0,0.593269650272364,6.505730524649971,0.00600756201710902
CHEMBL000471,Brc1cccc(Nc2ncnc3cc4[nH]cnc4cc23)c1,449657.40219729906,3.347118252896623,nM,PPP2R5A,Q13362,CHEMBL4860,PPP2R5A kinase,339.01195742000004,4.012200000000001,4,2,66.49000000000001,2,4,4,21,0.5785608229687814,0.0,0,0,,True,True,True,True,True,True,True,True,True,True,False,,True,False,,True,True,0,0.6592179395508939,6.557634731917809,0.0
